tanggal,Kedelai Impor,Cabai Merah Keriting,Cabai Merah Besar,Cabai Rawit Merah,Bawang Merah,Gula Pasir Curah,Gula Pasir Kemasan,Minyak Goreng Sawit Curah,Minyak Goreng Sawit Kemasan Premium,Minyakita,Tepung Terigu,Daging Ayam Ras,Telur Ayam Ras,Daging Sapi Paha Belakang,Daging Sapi Paha Depan,Daging Sapi Sandung Lamur,Daging Sapi Tetelan,Ikan Bandeng,Ikan Tongkol,Ikan Teri,Mie Instan,Bawang Putih Honan,Bawang Bombai,Garam Halus,Susu Kental Manis,Susu Bubuk,Susu Bubuk Balita,Tempe Bungkus,Tahu Putih,Udang Basah,Pisang Lokal,Jeruk Lokal,Tomat,Kentang Sedang,Sawi Hijau,Kangkung,Ketimun Sedang,Kacang Panjang,Ketela Pohon,Daging Ayam Kampung,Telur Ayam Kampung,Kacang Tanah,Kacang Hijau
2025-01-01,13000.0,35000.0,26333.0,53333.0,43333.0,18667.0,18333.0,17550.0,20000.0,16833.0,10500.0,34500.0,28833.0,125000.0,125000.0,125000.0,100000.0,25000.0,35000.0,95000.0,3000.0,44000.0,36667.0,10000.0,12500.0,47000.0,42000.0,17000.0,10000.0,50000.0,15000.0,10000.0,14700.0,20000.0,10000.0,10000.0,10000.0,20000.0,10000,52500.0,50000.0,30000.0,20000.0
2025-01-02,13000.0,35000.0,26333.0,53333.0,43333.0,18667.0,18333.0,17550.0,20000.0,16833.0,10500.0,34500.0,28833.0,125000.0,125000.0,125000.0,100000.0,25000.0,35000.0,95000.0,3000.0,44000.0,36667.0,10000.0,12500.0,47000.0,42000.0,17000.0,10000.0,50000.0,15000.0,10000.0,14700.0,20000.0,10000.0,10000.0,10000.0,20000.0,10000,52500.0,50000.0,30000.0,20000.0
2025-01-03,13000.0,35000.0,26333.0,56667.0,43333.0,18667.0,18333.0,17550.0,20000.0,16833.0,10500.0,34500.0,28833.0,125000.0,125000.0,125000.0,100000.0,25000.0,35000.0,95000.0,3000.0,44000.0,36667.0,10000.0,12500.0,47000.0,42000.0,17000.0,10000.0,50000.0,15000.0,10000.0,14700.0,20000.0,10000.0,10000.0,10000.0,20000.0,10000,52500.0,50000.0,30000.0,20000.0
2025-01-04,13000.0,35000.0,26333.0,56667.0,43333.0,18667.0,18333.0,17550.0,20000.0,16833.0,10500.0,34500.0,28833.0,125000.0,125000.0,125000.0,100000.0,25000.0,35000.0,95000.0,3000.0,44000.0,36667.0,10000.0,12500.0,47000.0,42000.0,17000.0,10000.0,50000.0,15000.0,10000.0,14700.0,20000.0,10000.0,10000.0,10000.0,20000.0,10000,52500.0,50000.0,30000.0,20000.0
2025-01-05,13000.0,35000.0,26333.0,56667.0,43333.0,18667.0,18333.0,17550.0,20000.0,16833.0,10500.0,34500.0,28833.0,125000.0,125000.0,125000.0,100000.0,25000.0,35000.0,95000.0,3000.0,44000.0,36667.0,10000.0,12500.0,47000.0,42000.0,17000.0,10000.0,50000.0,15000.0,10000.0,14700.0,20000.0,10000.0,10000.0,10000.0,20000.0,10000,52500.0,50000.0,30000.0,20000.0
2025-01-06,13000.0,35000.0,29333.0,60000.0,38333.0,18667.0,18333.0,17550.0,20000.0,16833.0,10500.0,34833.0,28333.0,125000.0,125000.0,125000.0,100000.0,25000.0,35000.0,95000.0,3000.0,44000.0,36667.0,10000.0,12500.0,47000.0,42000.0,17000.0,10000.0,50000.0,15000.0,10000.0,12000.0,20000.0,10000.0,10000.0,10000.0,20000.0,10000,55000.0,50000.0,30000.0,20000.0
2025-01-07,13000.0,35000.0,29333.0,60000.0,38333.0,18667.0,18333.0,17550.0,20000.0,16833.0,10500.0,34833.0,28333.0,125000.0,125000.0,125000.0,100000.0,25000.0,35000.0,95000.0,3000.0,44000.0,36667.0,10000.0,12500.0,47000.0,42000.0,17000.0,10000.0,50000.0,15000.0,10000.0,12000.0,20000.0,10000.0,10000.0,10000.0,20000.0,10000,55000.0,50000.0,30000.0,20000.0
2025-01-08,13000.0,35000.0,27667.0,60000.0,38333.0,18667.0,18333.0,17550.0,20000.0,16833.0,10500.0,34833.0,28333.0,125000.0,125000.0,125000.0,100000.0,25000.0,35000.0,95000.0,3000.0,44000.0,36667.0,10000.0,12500.0,47000.0,42000.0,17000.0,10000.0,50000.0,15000.0,10000.0,12000.0,20000.0,10000.0,10000.0,10000.0,20000.0,10000,55000.0,50000.0,30000.0,20000.0
2025-01-09,13000.0,35000.0,29333.0,63333.0,38333.0,18667.0,18333.0,17550.0,20000.0,16833.0,10500.0,34833.0,28333.0,125000.0,125000.0,125000.0,100000.0,25000.0,35000.0,95000.0,3000.0,44000.0,36667.0,10000.0,12500.0,47000.0,42000.0,17000.0,10000.0,50000.0,15000.0,10000.0,12000.0,20000.0,10000.0,10000.0,10000.0,20000.0,10000,55000.0,50000.0,30000.0,20000.0
2025-01-10,13000.0,35000.0,29333.0,66667.0,38333.0,18667.0,18333.0,17550.0,20000.0,16833.0,10500.0,34833.0,28333.0,125000.0,125000.0,125000.0,100000.0,25000.0,35000.0,95000.0,3000.0,44000.0,36667.0,10000.0,12500.0,47000.0,42000.0,17000.0,10000.0,50000.0,15000.0,10000.0,12000.0,20000.0,10000.0,10000.0,10000.0,20000.0,10000,55000.0,50000.0,30000.0,20000.0
2025-01-11,13000.0,35000.0,29333.0,66667.0,38333.0,18667.0,18333.0,17550.0,20000.0,16833.0,10500.0,34833.0,28333.0,125000.0,125000.0,125000.0,100000.0,25000.0,35000.0,95000.0,3000.0,44000.0,36667.0,10000.0,12500.0,47000.0,42000.0,17000.0,10000.0,50000.0,15000.0,10000.0,12000.0,20000.0,10000.0,10000.0,10000.0,20000.0,10000,55000.0,50000.0,30000.0,20000.0
2025-01-12,13000.0,35000.0,29333.0,66667.0,38333.0,18667.0,18333.0,17550.0,20000.0,16833.0,10500.0,34833.0,28333.0,125000.0,125000.0,125000.0,100000.0,25000.0,35000.0,95000.0,3000.0,44000.0,36667.0,10000.0,12500.0,47000.0,42000.0,17000.0,10000.0,50000.0,15000.0,10000.0,12000.0,20000.0,10000.0,10000.0,10000.0,20000.0,10000,55000.0,50000.0,30000.0,20000.0
2025-01-13,13000.0,35000.0,29333.0,66667.0,38000.0,18667.0,18333.0,17517.0,20000.0,16833.0,10500.0,34833.0,28333.0,125000.0,125000.0,125000.0,100000.0,25000.0,35000.0,95000.0,3000.0,44667.0,36667.0,10000.0,12500.0,47000.0,42000.0,17000.0,10000.0,50000.0,15000.0,10000.0,12000.0,20000.0,10000.0,10000.0,10000.0,20000.0,10000,55000.0,50000.0,30000.0,20000.0
2025-01-14,13000.0,35000.0,29333.0,66667.0,38000.0,18667.0,18333.0,17517.0,20000.0,16833.0,10500.0,34833.0,28333.0,125000.0,125000.0,125000.0,100000.0,25000.0,35000.0,95000.0,3000.0,44667.0,36667.0,10000.0,12500.0,47000.0,42000.0,17000.0,10000.0,50000.0,15000.0,10000.0,12000.0,20000.0,10000.0,10000.0,10000.0,20000.0,10000,55000.0,50000.0,30000.0,20000.0
2025-01-15,13000.0,35000.0,34000.0,66667.0,38000.0,18667.0,18333.0,17517.0,20000.0,16833.0,10500.0,34833.0,28333.0,125000.0,125000.0,125000.0,100000.0,25000.0,35000.0,95000.0,3000.0,44667.0,36667.0,10000.0,12500.0,47000.0,42000.0,17000.0,10000.0,50000.0,15000.0,10000.0,12000.0,20000.0,10000.0,10000.0,10000.0,20000.0,10000,55000.0,50000.0,30000.0,20000.0
2025-01-16,13000.0,35000.0,34000.0,66667.0,38000.0,19000.0,18333.0,17517.0,20000.0,16833.0,10500.0,35000.0,28333.0,125000.0,125000.0,125000.0,100000.0,25000.0,35000.0,95000.0,3000.0,44667.0,36667.0,10000.0,12500.0,47000.0,42000.0,17000.0,10000.0,50000.0,15000.0,10000.0,12000.0,20000.0,10000.0,10000.0,10000.0,20000.0,10000,55000.0,50000.0,30000.0,20000.0
2025-01-17,13000.0,35000.0,34000.0,66667.0,38000.0,19000.0,18333.0,17517.0,20000.0,16833.0,10500.0,35000.0,28333.0,125000.0,125000.0,125000.0,100000.0,25000.0,35000.0,95000.0,3000.0,44667.0,36667.0,10000.0,12500.0,47000.0,42000.0,17000.0,10000.0,50000.0,15000.0,10000.0,12000.0,20000.0,10000.0,10000.0,10000.0,20000.0,10000,55000.0,50000.0,30000.0,20000.0
2025-01-18,13000.0,35000.0,34000.0,66667.0,38000.0,19000.0,18333.0,17517.0,20000.0,16833.0,10500.0,35000.0,28333.0,125000.0,125000.0,125000.0,100000.0,25000.0,35000.0,95000.0,3000.0,44667.0,36667.0,10000.0,12500.0,47000.0,42000.0,17000.0,10000.0,50000.0,15000.0,10000.0,12000.0,20000.0,10000.0,10000.0,10000.0,20000.0,10000,55000.0,50000.0,30000.0,20000.0
2025-01-19,13000.0,35000.0,34000.0,66667.0,38000.0,19000.0,18333.0,17517.0,20000.0,16833.0,10500.0,35000.0,28333.0,125000.0,125000.0,125000.0,100000.0,25000.0,35000.0,95000.0,3000.0,44667.0,36667.0,10000.0,12500.0,47000.0,42000.0,17000.0,10000.0,50000.0,15000.0,10000.0,12000.0,20000.0,10000.0,10000.0,10000.0,20000.0,10000,55000.0,50000.0,30000.0,20000.0
2025-01-20,13000.0,35000.0,34667.0,58333.0,33333.0,19000.0,18333.0,17517.0,20000.0,16833.0,10500.0,30833.0,28333.0,125000.0,125000.0,125000.0,100000.0,25000.0,35000.0,95000.0,3000.0,44667.0,36667.0,10000.0,12500.0,47000.0,42000.0,17000.0,10000.0,50000.0,15000.0,10000.0,11300.0,20000.0,10000.0,10000.0,10000.0,20000.0,10000,45000.0,50000.0,30000.0,20000.0
2025-01-21,13000.0,35000.0,34667.0,55000.0,33333.0,18000.0,18667.0,17517.0,20000.0,16833.0,10500.0,30833.0,28333.0,125000.0,125000.0,125000.0,100000.0,25000.0,35000.0,95000.0,3000.0,44667.0,36667.0,10000.0,12500.0,47000.0,42000.0,17000.0,10000.0,50000.0,15000.0,10000.0,11300.0,20000.0,10000.0,10000.0,10000.0,20000.0,10000,45000.0,50000.0,30000.0,20000.0
2025-01-22,13000.0,35000.0,34667.0,55000.0,33333.0,18000.0,18667.0,17517.0,20000.0,16833.0,10500.0,30833.0,28333.0,125000.0,125000.0,125000.0,100000.0,25000.0,35000.0,95000.0,3000.0,44667.0,36667.0,10000.0,12500.0,47000.0,42000.0,17000.0,10000.0,50000.0,15000.0,10000.0,10000.0,20000.0,10000.0,10000.0,10000.0,20000.0,10000,45000.0,50000.0,30000.0,20000.0
2025-01-23,13000.0,35000.0,34667.0,55000.0,33333.0,18000.0,18667.0,17517.0,20000.0,16833.0,10500.0,30833.0,28333.0,125000.0,125000.0,125000.0,100000.0,25000.0,35000.0,95000.0,3000.0,44667.0,36667.0,10000.0,12500.0,47000.0,42000.0,17000.0,10000.0,50000.0,15000.0,10000.0,10000.0,20000.0,10000.0,10000.0,10000.0,20000.0,10000,45000.0,50000.0,30000.0,20000.0
2025-01-24,13000.0,35000.0,33000.0,48333.0,33333.0,18000.0,18667.0,17517.0,20000.0,16833.0,10500.0,30367.0,28333.0,125000.0,125000.0,125000.0,100000.0,25000.0,35000.0,95000.0,3000.0,44667.0,36667.0,10000.0,12500.0,47000.0,42000.0,17000.0,10000.0,50000.0,15000.0,10000.0,10000.0,20000.0,10000.0,10000.0,10000.0,20000.0,10000,45000.0,50000.0,30000.0,20000.0
2025-01-25,13000.0,35000.0,33000.0,48333.0,33333.0,18000.0,18667.0,17517.0,20000.0,16833.0,10500.0,30367.0,28333.0,125000.0,125000.0,125000.0,100000.0,25000.0,35000.0,95000.0,3000.0,44667.0,36667.0,10000.0,12500.0,47000.0,42000.0,17000.0,10000.0,50000.0,15000.0,10000.0,10000.0,20000.0,10000.0,10000.0,10000.0,20000.0,10000,45000.0,50000.0,30000.0,20000.0
2025-01-26,13000.0,35000.0,33000.0,48333.0,33333.0,18000.0,18667.0,17517.0,20000.0,16833.0,10500.0,30367.0,28333.0,125000.0,125000.0,125000.0,100000.0,25000.0,35000.0,95000.0,3000.0,44667.0,36667.0,10000.0,12500.0,47000.0,42000.0,17000.0,10000.0,50000.0,15000.0,10000.0,10000.0,20000.0,10000.0,10000.0,10000.0,20000.0,10000,45000.0,50000.0,30000.0,20000.0
2025-01-27,13000.0,35000.0,33000.0,48333.0,33333.0,18000.0,18667.0,17517.0,20000.0,16833.0,10500.0,30367.0,28333.0,125000.0,125000.0,125000.0,100000.0,25000.0,35000.0,95000.0,3000.0,44667.0,36667.0,10000.0,12500.0,47000.0,42000.0,17000.0,10000.0,50000.0,15000.0,10000.0,10000.0,20000.0,10000.0,10000.0,10000.0,20000.0,10000,45000.0,50000.0,30000.0,20000.0
2025-01-28,13000.0,35000.0,33000.0,48333.0,33333.0,18000.0,18667.0,17517.0,20000.0,16833.0,10500.0,30367.0,28333.0,125000.0,125000.0,125000.0,100000.0,25000.0,35000.0,95000.0,3000.0,44667.0,36667.0,10000.0,12500.0,47000.0,42000.0,17000.0,10000.0,50000.0,15000.0,10000.0,10000.0,20000.0,10000.0,10000.0,10000.0,20000.0,10000,45000.0,50000.0,30000.0,20000.0
2025-01-29,13000.0,35000.0,33000.0,48333.0,33333.0,18000.0,18667.0,17517.0,20000.0,16833.0,10500.0,30367.0,28333.0,125000.0,125000.0,125000.0,100000.0,25000.0,35000.0,95000.0,3000.0,44667.0,36667.0,10000.0,12500.0,47000.0,42000.0,17000.0,10000.0,50000.0,15000.0,10000.0,10000.0,20000.0,10000.0,10000.0,10000.0,20000.0,10000,45000.0,50000.0,30000.0,20000.0
2025-01-30,13000.0,35000.0,33000.0,48333.0,31000.0,18000.0,18667.0,17517.0,20000.0,16833.0,10500.0,30367.0,28333.0,125000.0,125000.0,125000.0,100000.0,25000.0,35000.0,95000.0,3000.0,44667.0,36667.0,10000.0,12500.0,47000.0,42000.0,17000.0,10000.0,50000.0,15000.0,10000.0,10000.0,20000.0,10000.0,10000.0,10000.0,20000.0,10000,45000.0,50000.0,30000.0,20000.0
2025-01-31,13000.0,35000.0,33000.0,48333.0,31000.0,18000.0,18667.0,17517.0,20000.0,16833.0,10500.0,30367.0,28333.0,125000.0,125000.0,125000.0,100000.0,25000.0,35000.0,95000.0,3000.0,44667.0,36667.0,10000.0,12500.0,47000.0,42000.0,17000.0,10000.0,50000.0,15000.0,10000.0,10000.0,20000.0,10000.0,10000.0,10000.0,20000.0,10000,45000.0,50000.0,30000.0,20000.0
2025-02-01,13000.0,35000.0,33000.0,48333.0,31000.0,18000.0,18667.0,17517.0,20000.0,16833.0,10500.0,30367.0,28333.0,125000.0,125000.0,125000.0,100000.0,25000.0,35000.0,95000.0,3000.0,44667.0,36667.0,10000.0,12500.0,47000.0,42000.0,17000.0,10000.0,50000.0,15000.0,10000.0,10000.0,20000.0,10000.0,10000.0,10000.0,20000.0,10000,45000.0,50000.0,30000.0,20000.0
2025-02-02,13000.0,35000.0,33000.0,48333.0,31000.0,18000.0,18667.0,17517.0,20000.0,16833.0,10500.0,30367.0,28333.0,125000.0,125000.0,125000.0,100000.0,25000.0,35000.0,95000.0,3000.0,44667.0,36667.0,10000.0,12500.0,47000.0,42000.0,17000.0,10000.0,50000.0,15000.0,10000.0,10000.0,20000.0,10000.0,10000.0,10000.0,20000.0,10000,45000.0,50000.0,30000.0,20000.0
2025-02-03,13000.0,35000.0,34667.0,48333.0,30000.0,18000.0,18667.0,17517.0,20000.0,16833.0,10500.0,30367.0,27200.0,125000.0,125000.0,125000.0,100000.0,25000.0,35000.0,95000.0,3000.0,44667.0,36667.0,10000.0,12500.0,47000.0,42000.0,17000.0,10000.0,50000.0,15000.0,10000.0,10000.0,20000.0,10000.0,10000.0,10000.0,20000.0,10000,45000.0,50000.0,30000.0,20000.0
2025-02-04,13000.0,35000.0,34667.0,48333.0,30000.0,18000.0,18667.0,17517.0,20000.0,16833.0,10500.0,30367.0,27200.0,125000.0,125000.0,125000.0,100000.0,25000.0,35000.0,95000.0,3000.0,44667.0,36667.0,10000.0,12500.0,47000.0,42000.0,17000.0,10000.0,50000.0,15000.0,10000.0,10000.0,20000.0,10000.0,10000.0,10000.0,20000.0,10000,45000.0,50000.0,30000.0,20000.0
2025-02-05,13000.0,36667.0,34667.0,46667.0,30000.0,18000.0,18667.0,17517.0,20000.0,16833.0,10500.0,30367.0,27200.0,125000.0,125000.0,125000.0,100000.0,25000.0,35000.0,95000.0,3000.0,44667.0,36667.0,10000.0,12500.0,47000.0,42000.0,17000.0,10000.0,50000.0,15000.0,10000.0,10700.0,20000.0,10000.0,10000.0,10000.0,20000.0,10000,45000.0,50000.0,30000.0,20000.0
2025-02-06,13000.0,36667.0,34667.0,50000.0,30000.0,18000.0,18667.0,17517.0,20000.0,16833.0,10500.0,30367.0,27200.0,125000.0,125000.0,125000.0,100000.0,25000.0,35000.0,95000.0,3000.0,44667.0,36667.0,10000.0,12500.0,47000.0,42000.0,17000.0,10000.0,50000.0,15000.0,10000.0,10700.0,20000.0,10000.0,10000.0,10000.0,20000.0,10000,45000.0,50000.0,30000.0,20000.0
2025-02-07,13000.0,36667.0,34667.0,50000.0,30000.0,18000.0,18667.0,17517.0,20000.0,16833.0,10500.0,30367.0,27200.0,125000.0,125000.0,125000.0,100000.0,25000.0,35000.0,95000.0,3000.0,44667.0,36667.0,10000.0,12500.0,47000.0,42000.0,17000.0,10000.0,50000.0,15000.0,10000.0,10700.0,20000.0,10000.0,10000.0,10000.0,20000.0,10000,45000.0,50000.0,30000.0,20000.0
2025-02-08,13000.0,36667.0,34667.0,50000.0,30000.0,18000.0,18667.0,17517.0,20000.0,16833.0,10500.0,30367.0,27200.0,125000.0,125000.0,125000.0,100000.0,25000.0,35000.0,95000.0,3000.0,44667.0,36667.0,10000.0,12500.0,47000.0,42000.0,17000.0,10000.0,50000.0,15000.0,10000.0,10700.0,20000.0,10000.0,10000.0,10000.0,20000.0,10000,45000.0,50000.0,30000.0,20000.0
2025-02-09,13000.0,36667.0,34667.0,50000.0,30000.0,18000.0,18667.0,17517.0,20000.0,16833.0,10500.0,30367.0,27200.0,125000.0,125000.0,125000.0,100000.0,25000.0,35000.0,95000.0,3000.0,44667.0,36667.0,10000.0,12500.0,47000.0,42000.0,17000.0,10000.0,50000.0,15000.0,10000.0,10700.0,20000.0,10000.0,10000.0,10000.0,20000.0,10000,45000.0,50000.0,30000.0,20000.0
2025-02-10,13000.0,35000.0,34000.0,58333.0,33333.0,18000.0,18667.0,17517.0,20000.0,15500.0,10500.0,30367.0,27200.0,125000.0,125000.0,125000.0,100000.0,25000.0,35000.0,95000.0,3000.0,44667.0,36667.0,10000.0,12500.0,47000.0,42000.0,17000.0,10000.0,50000.0,15000.0,10000.0,10000.0,20000.0,10000.0,10000.0,10000.0,20000.0,10000,45000.0,50000.0,30000.0,20000.0
2025-02-11,13000.0,35000.0,34000.0,58333.0,33333.0,18000.0,18667.0,17517.0,20000.0,15500.0,10500.0,30367.0,27200.0,125000.0,125000.0,125000.0,100000.0,25000.0,35000.0,95000.0,3000.0,44667.0,36667.0,10000.0,12500.0,47000.0,42000.0,17000.0,10000.0,50000.0,15000.0,10000.0,10000.0,20000.0,10000.0,10000.0,10000.0,20000.0,10000,45000.0,50000.0,30000.0,20000.0
2025-02-12,13000.0,35000.0,34000.0,58333.0,33333.0,18000.0,18667.0,17517.0,20000.0,15500.0,10500.0,30367.0,27200.0,125000.0,125000.0,125000.0,100000.0,25000.0,35000.0,95000.0,3000.0,44667.0,36667.0,10000.0,12500.0,47000.0,42000.0,17000.0,10000.0,50000.0,15000.0,10000.0,8700.0,20000.0,10000.0,10000.0,10000.0,20000.0,10000,45000.0,50000.0,30000.0,20000.0
2025-02-13,13000.0,35000.0,34000.0,58333.0,33333.0,18000.0,18667.0,17517.0,20000.0,15500.0,10500.0,30367.0,27200.0,125000.0,125000.0,125000.0,100000.0,25000.0,35000.0,95000.0,3000.0,44667.0,36667.0,10000.0,12500.0,47000.0,42000.0,17000.0,10000.0,50000.0,15000.0,10000.0,8700.0,20000.0,10000.0,10000.0,10000.0,20000.0,10000,45000.0,50000.0,30000.0,20000.0
2025-02-14,13000.0,35000.0,32667.0,58333.0,33333.0,18000.0,18667.0,17517.0,20000.0,15500.0,10500.0,30367.0,27200.0,125000.0,125000.0,125000.0,100000.0,25000.0,35000.0,95000.0,3000.0,44667.0,36667.0,10000.0,12500.0,47000.0,42000.0,17000.0,10000.0,50000.0,15000.0,10000.0,8700.0,20000.0,10000.0,10000.0,10000.0,20000.0,10000,45000.0,50000.0,30000.0,20000.0
2025-02-15,13000.0,35000.0,32667.0,58333.0,33333.0,18000.0,18667.0,17517.0,20000.0,15500.0,10500.0,30367.0,27200.0,125000.0,125000.0,125000.0,100000.0,25000.0,35000.0,95000.0,3000.0,44667.0,36667.0,10000.0,12500.0,47000.0,42000.0,17000.0,10000.0,50000.0,15000.0,10000.0,8700.0,20000.0,10000.0,10000.0,10000.0,20000.0,10000,45000.0,50000.0,30000.0,20000.0
2025-02-16,13000.0,35000.0,32667.0,58333.0,33333.0,18000.0,18667.0,17517.0,20000.0,15500.0,10500.0,30367.0,27200.0,125000.0,125000.0,125000.0,100000.0,25000.0,35000.0,95000.0,3000.0,44667.0,36667.0,10000.0,12500.0,47000.0,42000.0,17000.0,10000.0,50000.0,15000.0,10000.0,8700.0,20000.0,10000.0,10000.0,10000.0,20000.0,10000,45000.0,50000.0,30000.0,20000.0
2025-02-17,13000.0,31667.0,29333.0,56667.0,31667.0,18000.0,18667.0,17517.0,20000.0,15500.0,10500.0,28433.0,27200.0,125000.0,125000.0,125000.0,100000.0,25000.0,40000.0,95000.0,3000.0,44667.0,36667.0,10000.0,12500.0,47000.0,42000.0,17000.0,10000.0,50000.0,15000.0,10000.0,8700.0,20000.0,10000.0,10000.0,10000.0,20000.0,10000,45000.0,50000.0,30000.0,20000.0
2025-02-18,13000.0,31667.0,29333.0,56667.0,31667.0,18000.0,18667.0,17517.0,20000.0,15500.0,10500.0,28433.0,28300.0,125000.0,125000.0,125000.0,100000.0,25000.0,40000.0,95000.0,3000.0,44667.0,36667.0,10000.0,12500.0,47000.0,42000.0,17000.0,10000.0,50000.0,15000.0,10000.0,8700.0,20000.0,10000.0,10000.0,10000.0,20000.0,10000,45000.0,50000.0,30000.0,20000.0
2025-02-19,13000.0,31667.0,29333.0,53333.0,31667.0,18000.0,18667.0,17517.0,20000.0,15500.0,10500.0,28433.0,28300.0,125000.0,125000.0,125000.0,100000.0,25000.0,40000.0,95000.0,3000.0,44667.0,36667.0,10000.0,12500.0,47000.0,42000.0,17000.0,10000.0,50000.0,15000.0,10000.0,8300.0,20000.0,10000.0,10000.0,10000.0,20000.0,10000,45000.0,50000.0,30000.0,20000.0
2025-02-20,13000.0,31667.0,29333.0,68333.0,31667.0,18000.0,18667.0,17517.0,20000.0,15500.0,10500.0,29400.0,28900.0,125000.0,125000.0,125000.0,100000.0,25000.0,40000.0,95000.0,3000.0,44667.0,36667.0,10000.0,12500.0,47000.0,42000.0,17000.0,10000.0,50000.0,15000.0,10000.0,8300.0,20000.0,10000.0,10000.0,10000.0,20000.0,10000,45000.0,50000.0,30000.0,20000.0
2025-02-21,13000.0,31667.0,29333.0,70000.0,31667.0,18000.0,18667.0,17517.0,20000.0,15500.0,10500.0,29400.0,28900.0,125000.0,125000.0,125000.0,100000.0,25000.0,40000.0,95000.0,3000.0,44667.0,36667.0,10000.0,12500.0,47000.0,42000.0,17000.0,10000.0,50000.0,15000.0,10000.0,8300.0,20000.0,10000.0,10000.0,10000.0,20000.0,10000,45000.0,50000.0,30000.0,20000.0
2025-02-22,13000.0,31667.0,29333.0,70000.0,31667.0,18000.0,18667.0,17517.0,20000.0,15500.0,10500.0,29400.0,28900.0,125000.0,125000.0,125000.0,100000.0,25000.0,40000.0,95000.0,3000.0,44667.0,36667.0,10000.0,12500.0,47000.0,42000.0,17000.0,10000.0,50000.0,15000.0,10000.0,8300.0,20000.0,10000.0,10000.0,10000.0,20000.0,10000,45000.0,50000.0,30000.0,20000.0
2025-02-23,13000.0,31667.0,29333.0,70000.0,31667.0,18000.0,18667.0,17517.0,20000.0,15500.0,10500.0,29400.0,28900.0,125000.0,125000.0,125000.0,100000.0,25000.0,40000.0,95000.0,3000.0,44667.0,36667.0,10000.0,12500.0,47000.0,42000.0,17000.0,10000.0,50000.0,15000.0,10000.0,8300.0,20000.0,10000.0,10000.0,10000.0,20000.0,10000,45000.0,50000.0,30000.0,20000.0
2025-02-24,13000.0,35000.0,30000.0,70000.0,31667.0,18000.0,18667.0,17517.0,20000.0,15500.0,10500.0,29400.0,28900.0,125000.0,125000.0,125000.0,100000.0,25000.0,40000.0,95000.0,3000.0,45000.0,36667.0,10000.0,12500.0,47000.0,42000.0,17000.0,10000.0,50000.0,15000.0,10000.0,8700.0,20000.0,10000.0,10000.0,10000.0,20000.0,10000,45000.0,50000.0,30000.0,20000.0
2025-02-25,13000.0,35000.0,30000.0,70000.0,31667.0,18000.0,18667.0,17517.0,20000.0,15500.0,10500.0,29400.0,28900.0,125000.0,125000.0,125000.0,100000.0,25000.0,40000.0,95000.0,3000.0,45000.0,36667.0,10000.0,12500.0,47000.0,42000.0,17000.0,10000.0,50000.0,15000.0,10000.0,8700.0,20000.0,10000.0,10000.0,10000.0,20000.0,10000,45000.0,50000.0,30000.0,20000.0
2025-02-26,13000.0,35000.0,30000.0,70000.0,31667.0,18000.0,18667.0,17517.0,20000.0,15500.0,10500.0,32300.0,28900.0,125000.0,125000.0,125000.0,100000.0,25000.0,40000.0,95000.0,3000.0,45000.0,36667.0,10000.0,12500.0,47000.0,42000.0,17000.0,10000.0,50000.0,15000.0,10000.0,8700.0,20000.0,10000.0,10000.0,10000.0,20000.0,10000,45000.0,50000.0,30000.0,20000.0
2025-02-27,13000.0,35000.0,30000.0,76667.0,36667.0,18000.0,18667.0,17517.0,20000.0,15500.0,10500.0,32300.0,28900.0,125000.0,125000.0,125000.0,100000.0,25000.0,40000.0,95000.0,3000.0,45000.0,36667.0,10000.0,12500.0,47000.0,42000.0,17000.0,10000.0,50000.0,15000.0,10000.0,8300.0,20000.0,10000.0,10000.0,10000.0,20000.0,10000,45000.0,50000.0,30000.0,20000.0
2025-02-28,13000.0,35000.0,30000.0,80000.0,38000.0,18000.0,18667.0,17517.0,20000.0,15500.0,10500.0,32300.0,28900.0,125000.0,125000.0,125000.0,100000.0,25000.0,40000.0,95000.0,3000.0,45000.0,36667.0,10000.0,12500.0,47000.0,42000.0,17000.0,10000.0,50000.0,15000.0,10000.0,8300.0,20000.0,10000.0,10000.0,10000.0,20000.0,10000,45000.0,50000.0,30000.0,20000.0
2025-03-01,13000.0,35000.0,30000.0,80000.0,38000.0,18000.0,18667.0,17517.0,20000.0,15500.0,10500.0,32300.0,28900.0,125000.0,125000.0,125000.0,100000.0,25000.0,40000.0,95000.0,3000.0,45000.0,36667.0,10000.0,12500.0,47000.0,42000.0,17000.0,10000.0,50000.0,15000.0,10000.0,8300.0,20000.0,10000.0,10000.0,10000.0,20000.0,10000,45000.0,50000.0,30000.0,20000.0
2025-03-02,13000.0,35000.0,30000.0,80000.0,38000.0,18000.0,18667.0,17517.0,20000.0,15500.0,10500.0,32300.0,28900.0,125000.0,125000.0,125000.0,100000.0,25000.0,40000.0,95000.0,3000.0,45000.0,36667.0,10000.0,12500.0,47000.0,42000.0,17000.0,10000.0,50000.0,15000.0,10000.0,8300.0,20000.0,10000.0,10000.0,10000.0,20000.0,10000,45000.0,50000.0,30000.0,20000.0
2025-03-03,13000.0,43333.0,41667.0,78333.0,38000.0,18000.0,18667.0,17517.0,20000.0,15500.0,10500.0,30367.0,28900.0,125000.0,125000.0,125000.0,100000.0,25000.0,40000.0,95000.0,3000.0,45000.0,36667.0,10000.0,12500.0,47000.0,42000.0,17000.0,10000.0,50000.0,15000.0,10000.0,8300.0,20000.0,10000.0,10000.0,10000.0,20000.0,10000,45000.0,50000.0,30000.0,20000.0
2025-03-04,13000.0,43333.0,41667.0,78333.0,38000.0,18000.0,18667.0,17517.0,20000.0,15500.0,10500.0,30367.0,28900.0,125000.0,125000.0,125000.0,100000.0,25000.0,40000.0,95000.0,3000.0,45000.0,36667.0,10000.0,12500.0,47000.0,42000.0,17000.0,10000.0,50000.0,15000.0,10000.0,8300.0,20000.0,10000.0,10000.0,10000.0,20000.0,10000,45000.0,50000.0,30000.0,20000.0
2025-03-05,13000.0,43333.0,40000.0,83333.0,38000.0,18000.0,18667.0,17517.0,20000.0,15500.0,10500.0,29400.0,29467.0,125000.0,125000.0,125000.0,100000.0,25000.0,40000.0,95000.0,3000.0,45000.0,36667.0,10000.0,12500.0,47000.0,42000.0,17000.0,10000.0,50000.0,15000.0,10000.0,8700.0,20000.0,10000.0,10000.0,10000.0,20000.0,10000,45000.0,50000.0,30000.0,20000.0
2025-03-06,13000.0,43333.0,39667.0,93333.0,38000.0,18000.0,18667.0,17517.0,20000.0,15500.0,10500.0,29400.0,29467.0,125000.0,125000.0,125000.0,100000.0,25000.0,40000.0,95000.0,3000.0,45000.0,36667.0,10000.0,12500.0,47000.0,42000.0,17000.0,10000.0,50000.0,15000.0,10000.0,8700.0,20000.0,10000.0,10000.0,10000.0,20000.0,10000,45000.0,50000.0,30000.0,20000.0
2025-03-07,13000.0,43333.0,39667.0,93333.0,38000.0,18000.0,18667.0,17517.0,20000.0,15500.0,10500.0,29400.0,29467.0,125000.0,125000.0,125000.0,100000.0,25000.0,40000.0,95000.0,3000.0,45000.0,36667.0,10000.0,12500.0,47000.0,42000.0,17000.0,10000.0,50000.0,15000.0,10000.0,8700.0,20000.0,10000.0,10000.0,10000.0,20000.0,10000,45000.0,50000.0,30000.0,20000.0
2025-03-08,13000.0,43333.0,39667.0,93333.0,38000.0,18000.0,18667.0,17517.0,20000.0,15500.0,10500.0,29400.0,29467.0,125000.0,125000.0,125000.0,100000.0,25000.0,40000.0,95000.0,3000.0,45000.0,36667.0,10000.0,12500.0,47000.0,42000.0,17000.0,10000.0,50000.0,15000.0,10000.0,8700.0,20000.0,10000.0,10000.0,10000.0,20000.0,10000,45000.0,50000.0,30000.0,20000.0
2025-03-09,13000.0,43333.0,39667.0,93333.0,38000.0,18000.0,18667.0,17517.0,20000.0,15500.0,10500.0,29400.0,29467.0,125000.0,125000.0,125000.0,100000.0,25000.0,40000.0,95000.0,3000.0,45000.0,36667.0,10000.0,12500.0,47000.0,42000.0,17000.0,10000.0,50000.0,15000.0,10000.0,8700.0,20000.0,10000.0,10000.0,10000.0,20000.0,10000,45000.0,50000.0,30000.0,20000.0
2025-03-10,13000.0,46667.0,37000.0,73333.0,39667.0,18000.0,18667.0,17517.0,20000.0,15500.0,10500.0,27900.0,29467.0,125000.0,125000.0,125000.0,100000.0,25000.0,40000.0,95000.0,3000.0,45000.0,36667.0,10000.0,12500.0,47000.0,42000.0,17000.0,10000.0,50000.0,15000.0,10000.0,8700.0,20000.0,10000.0,10000.0,10000.0,20000.0,10000,45000.0,50000.0,30000.0,20000.0
2025-03-11,13000.0,46667.0,37000.0,73333.0,39667.0,18000.0,18667.0,17517.0,20000.0,15500.0,10500.0,27900.0,29467.0,125000.0,125000.0,125000.0,100000.0,25000.0,40000.0,95000.0,3000.0,45000.0,36667.0,10000.0,12500.0,47000.0,42000.0,17000.0,10000.0,50000.0,15000.0,10000.0,8700.0,20000.0,10000.0,10000.0,10000.0,20000.0,10000,45000.0,50000.0,30000.0,20000.0
2025-03-12,13000.0,46667.0,37000.0,66667.0,39667.0,18000.0,18667.0,17517.0,20000.0,15500.0,10500.0,28883.0,29467.0,125000.0,125000.0,125000.0,100000.0,25000.0,40000.0,95000.0,3000.0,45000.0,36667.0,10000.0,12500.0,47000.0,42000.0,17000.0,10000.0,50000.0,15000.0,10000.0,8700.0,20000.0,10000.0,10000.0,10000.0,20000.0,10000,45000.0,50000.0,30000.0,20000.0
2025-03-13,13000.0,46667.0,37000.0,66667.0,39667.0,18000.0,18667.0,17517.0,20000.0,15500.0,10500.0,28883.0,29467.0,125000.0,125000.0,125000.0,100000.0,25000.0,40000.0,95000.0,3000.0,45000.0,36667.0,10000.0,12500.0,47000.0,42000.0,17000.0,10000.0,50000.0,15000.0,10000.0,7300.0,20000.0,10000.0,10000.0,10000.0,20000.0,10000,45000.0,50000.0,30000.0,20000.0
2025-03-14,13000.0,46667.0,35333.0,78333.0,39667.0,18000.0,18667.0,17517.0,20000.0,15500.0,10500.0,28883.0,29467.0,125000.0,125000.0,125000.0,100000.0,25000.0,40000.0,95000.0,3000.0,45000.0,36667.0,10000.0,12500.0,47000.0,42000.0,17000.0,10000.0,50000.0,15000.0,10000.0,7300.0,20000.0,10000.0,10000.0,10000.0,20000.0,10000,45000.0,50000.0,30000.0,20000.0
2025-03-15,13000.0,46667.0,35333.0,78333.0,39667.0,18000.0,18667.0,17517.0,20000.0,15500.0,10500.0,28883.0,29467.0,125000.0,125000.0,125000.0,100000.0,25000.0,40000.0,95000.0,3000.0,45000.0,36667.0,10000.0,12500.0,47000.0,42000.0,17000.0,10000.0,50000.0,15000.0,10000.0,7300.0,20000.0,10000.0,10000.0,10000.0,20000.0,10000,45000.0,50000.0,30000.0,20000.0
2025-03-16,13000.0,46667.0,35333.0,78333.0,39667.0,18000.0,18667.0,17517.0,20000.0,15500.0,10500.0,28883.0,29467.0,125000.0,125000.0,125000.0,100000.0,25000.0,40000.0,95000.0,3000.0,45000.0,36667.0,10000.0,12500.0,47000.0,42000.0,17000.0,10000.0,50000.0,15000.0,10000.0,7300.0,20000.0,10000.0,10000.0,10000.0,20000.0,10000,45000.0,50000.0,30000.0,20000.0
2025-03-17,13000.0,38333.0,31667.0,83333.0,39667.0,18000.0,18667.0,17517.0,20000.0,15500.0,10500.0,28883.0,29467.0,125000.0,125000.0,125000.0,100000.0,25000.0,35000.0,95000.0,3000.0,45000.0,36667.0,10000.0,12500.0,47000.0,42000.0,17000.0,10000.0,50000.0,15000.0,10000.0,7300.0,24300.0,10000.0,10000.0,10000.0,20000.0,10000,45000.0,50000.0,30000.0,20000.0
2025-03-18,13000.0,38333.0,31667.0,86667.0,39667.0,18000.0,18667.0,17517.0,20000.0,15500.0,10500.0,28883.0,29467.0,125000.0,125000.0,125000.0,100000.0,25000.0,35000.0,95000.0,3000.0,45000.0,36667.0,10000.0,12500.0,47000.0,42000.0,17000.0,10000.0,50000.0,15000.0,10000.0,7300.0,24300.0,10000.0,10000.0,10000.0,20000.0,10000,45000.0,50000.0,30000.0,20000.0
2025-03-19,13000.0,38333.0,31667.0,86667.0,39667.0,18000.0,18667.0,17517.0,20000.0,15500.0,10500.0,28883.0,29467.0,125000.0,125000.0,125000.0,100000.0,25000.0,35000.0,95000.0,3000.0,45000.0,36667.0,10000.0,12500.0,47000.0,42000.0,17000.0,10000.0,50000.0,15000.0,10000.0,7300.0,24300.0,10000.0,10000.0,10000.0,20000.0,10000,45000.0,50000.0,30000.0,20000.0
2025-03-20,13000.0,40000.0,33333.0,83333.0,39667.0,18000.0,18667.0,17517.0,20000.0,15500.0,10500.0,28883.0,29467.0,125000.0,125000.0,125000.0,100000.0,25000.0,35000.0,95000.0,3000.0,45000.0,36667.0,10000.0,12500.0,47000.0,42000.0,17000.0,10000.0,50000.0,15000.0,10000.0,7300.0,24300.0,10000.0,10000.0,10000.0,20000.0,10000,45000.0,50000.0,30000.0,20000.0
2025-03-21,13000.0,40000.0,33333.0,83333.0,39667.0,18000.0,18667.0,17517.0,20000.0,15500.0,10500.0,28883.0,29467.0,125000.0,125000.0,125000.0,100000.0,25000.0,35000.0,95000.0,3000.0,45000.0,36667.0,10000.0,12500.0,47000.0,42000.0,17000.0,10000.0,50000.0,15000.0,10000.0,7300.0,24300.0,10000.0,10000.0,10000.0,20000.0,10000,45000.0,50000.0,30000.0,20000.0
2025-03-22,13000.0,40000.0,33333.0,83333.0,39667.0,18000.0,18667.0,17517.0,20000.0,15500.0,10500.0,28883.0,29467.0,125000.0,125000.0,125000.0,100000.0,25000.0,35000.0,95000.0,3000.0,45000.0,36667.0,10000.0,12500.0,47000.0,42000.0,17000.0,10000.0,50000.0,15000.0,10000.0,7300.0,24300.0,10000.0,10000.0,10000.0,20000.0,10000,45000.0,50000.0,30000.0,20000.0
2025-03-23,13000.0,40000.0,33333.0,83333.0,39667.0,18000.0,18667.0,17517.0,20000.0,15500.0,10500.0,28883.0,29467.0,125000.0,125000.0,125000.0,100000.0,25000.0,35000.0,95000.0,3000.0,45000.0,36667.0,10000.0,12500.0,47000.0,42000.0,17000.0,10000.0,50000.0,15000.0,10000.0,7300.0,24300.0,10000.0,10000.0,10000.0,20000.0,10000,45000.0,50000.0,30000.0,20000.0
2025-03-24,13000.0,43333.0,49333.0,83333.0,43333.0,18000.0,18667.0,17517.0,20000.0,15500.0,10500.0,28883.0,29467.0,125000.0,125000.0,125000.0,100000.0,25000.0,35000.0,95000.0,3000.0,44667.0,36667.0,10000.0,12500.0,47000.0,42000.0,17000.0,10000.0,50000.0,15000.0,10000.0,7300.0,24300.0,10000.0,10000.0,10000.0,20000.0,10000,45000.0,50000.0,30000.0,20000.0
2025-03-25,13000.0,43333.0,49333.0,80000.0,43333.0,18000.0,18667.0,17517.0,20000.0,15500.0,10500.0,30850.0,29467.0,125000.0,125000.0,125000.0,100000.0,25000.0,35000.0,95000.0,3000.0,44667.0,36667.0,10000.0,12500.0,47000.0,42000.0,17000.0,10000.0,50000.0,15000.0,10000.0,7300.0,24300.0,10000.0,10000.0,10000.0,20000.0,10000,45000.0,50000.0,30000.0,20000.0
2025-03-26,13000.0,50000.0,56667.0,93333.0,43333.0,18000.0,18667.0,17517.0,20000.0,15500.0,10500.0,30850.0,29467.0,125000.0,125000.0,125000.0,100000.0,25000.0,35000.0,95000.0,3000.0,45000.0,36667.0,10000.0,12500.0,47000.0,42000.0,17000.0,10000.0,50000.0,15000.0,10000.0,7300.0,24300.0,10000.0,10000.0,10000.0,20000.0,10000,45000.0,50000.0,30000.0,20000.0
2025-03-27,13000.0,53333.0,60000.0,96700.0,45000.0,18000.0,18667.0,17517.0,20000.0,15500.0,10500.0,37250.0,29467.0,125000.0,125000.0,125000.0,100000.0,25000.0,35000.0,95000.0,3000.0,45000.0,36667.0,10000.0,12500.0,47000.0,42000.0,17000.0,10000.0,50000.0,15000.0,10000.0,8000.0,24300.0,10000.0,10000.0,10000.0,20000.0,10000,55000.0,50000.0,30000.0,20000.0
2025-03-28,13000.0,53333.0,60000.0,96700.0,45000.0,18000.0,18667.0,17517.0,20000.0,15500.0,10500.0,37250.0,29467.0,125000.0,125000.0,125000.0,100000.0,25000.0,35000.0,95000.0,3000.0,45000.0,36667.0,10000.0,12500.0,47000.0,42000.0,17000.0,10000.0,50000.0,15000.0,10000.0,8000.0,24300.0,10000.0,10000.0,10000.0,20000.0,10000,55000.0,50000.0,30000.0,20000.0
2025-03-29,13000.0,53333.0,60000.0,96700.0,45000.0,18000.0,18667.0,17517.0,20000.0,15500.0,10500.0,37250.0,29467.0,125000.0,125000.0,125000.0,100000.0,25000.0,35000.0,95000.0,3000.0,45000.0,36667.0,10000.0,12500.0,47000.0,42000.0,17000.0,10000.0,50000.0,15000.0,10000.0,8000.0,24300.0,10000.0,10000.0,10000.0,20000.0,10000,55000.0,50000.0,30000.0,20000.0
2025-03-30,13000.0,53333.0,60000.0,96700.0,45000.0,18000.0,18667.0,17517.0,20000.0,15500.0,10500.0,37250.0,29467.0,125000.0,125000.0,125000.0,100000.0,25000.0,35000.0,95000.0,3000.0,45000.0,36667.0,10000.0,12500.0,47000.0,42000.0,17000.0,10000.0,50000.0,15000.0,10000.0,8000.0,24300.0,10000.0,10000.0,10000.0,20000.0,10000,55000.0,50000.0,30000.0,20000.0
2025-03-31,13000.0,53333.0,60000.0,96700.0,45000.0,18000.0,18667.0,17517.0,20000.0,15500.0,10500.0,37250.0,29467.0,125000.0,125000.0,125000.0,100000.0,25000.0,35000.0,95000.0,3000.0,45000.0,36667.0,10000.0,12500.0,47000.0,42000.0,17000.0,10000.0,50000.0,15000.0,10000.0,8000.0,24300.0,10000.0,10000.0,10000.0,20000.0,10000,55000.0,50000.0,30000.0,20000.0
2025-04-01,13000.0,53333.0,60000.0,96700.0,45000.0,18000.0,18667.0,17517.0,20000.0,15500.0,10500.0,37250.0,29467.0,125000.0,125000.0,125000.0,100000.0,25000.0,35000.0,95000.0,3000.0,45000.0,36667.0,10000.0,12500.0,47000.0,42000.0,17000.0,10000.0,50000.0,15000.0,10000.0,8000.0,24300.0,10000.0,10000.0,10000.0,20000.0,10000,55000.0,50000.0,30000.0,20000.0
2025-04-02,13000.0,53333.0,60000.0,96700.0,45000.0,18000.0,18667.0,17517.0,20000.0,15500.0,10500.0,37250.0,29467.0,125000.0,125000.0,125000.0,100000.0,25000.0,35000.0,95000.0,3000.0,45000.0,36667.0,10000.0,12500.0,47000.0,42000.0,17000.0,10000.0,50000.0,15000.0,10000.0,8000.0,24300.0,10000.0,10000.0,10000.0,20000.0,10000,55000.0,50000.0,30000.0,20000.0
2025-04-03,13000.0,53333.0,60000.0,96700.0,45000.0,18000.0,18667.0,17517.0,20000.0,15500.0,10500.0,37250.0,29467.0,125000.0,125000.0,125000.0,100000.0,25000.0,35000.0,95000.0,3000.0,45000.0,36667.0,10000.0,12500.0,47000.0,42000.0,17000.0,10000.0,50000.0,15000.0,10000.0,8000.0,24300.0,10000.0,10000.0,10000.0,20000.0,10000,55000.0,50000.0,30000.0,20000.0
2025-04-04,13000.0,53333.0,60000.0,96700.0,45000.0,18000.0,18667.0,17517.0,20000.0,15500.0,10500.0,37250.0,29467.0,125000.0,125000.0,125000.0,100000.0,25000.0,35000.0,95000.0,3000.0,45000.0,36667.0,10000.0,12500.0,47000.0,42000.0,17000.0,10000.0,50000.0,15000.0,10000.0,8000.0,24300.0,10000.0,10000.0,10000.0,20000.0,10000,55000.0,50000.0,30000.0,20000.0
2025-04-05,13000.0,53333.0,60000.0,96700.0,45000.0,18000.0,18667.0,17517.0,20000.0,15500.0,10500.0,37250.0,29467.0,125000.0,125000.0,125000.0,100000.0,25000.0,35000.0,95000.0,3000.0,45000.0,36667.0,10000.0,12500.0,47000.0,42000.0,17000.0,10000.0,50000.0,15000.0,10000.0,8000.0,24300.0,10000.0,10000.0,10000.0,20000.0,10000,55000.0,50000.0,30000.0,20000.0
2025-04-06,13000.0,53333.0,60000.0,96700.0,45000.0,18000.0,18667.0,17517.0,20000.0,15500.0,10500.0,37250.0,29467.0,125000.0,125000.0,125000.0,100000.0,25000.0,35000.0,95000.0,3000.0,45000.0,36667.0,10000.0,12500.0,47000.0,42000.0,17000.0,10000.0,50000.0,15000.0,10000.0,8000.0,24300.0,10000.0,10000.0,10000.0,20000.0,10000,55000.0,50000.0,30000.0,20000.0
2025-04-07,13000.0,53333.0,60000.0,96700.0,45000.0,18000.0,18667.0,17517.0,20000.0,15500.0,10500.0,37250.0,29467.0,125000.0,125000.0,125000.0,100000.0,25000.0,35000.0,95000.0,3000.0,45000.0,36667.0,10000.0,12500.0,47000.0,42000.0,17000.0,10000.0,50000.0,15000.0,10000.0,8000.0,24300.0,10000.0,10000.0,10000.0,20000.0,10000,55000.0,50000.0,30000.0,20000.0
2025-04-08,13000.0,43333.0,35000.0,60000.0,40000.0,18000.0,18667.0,17517.0,20000.0,15500.0,10500.0,32300.0,29467.0,125000.0,125000.0,125000.0,100000.0,25000.0,35000.0,95000.0,3000.0,45000.0,36667.0,10000.0,12500.0,47000.0,42000.0,17000.0,10000.0,50000.0,15000.0,10000.0,8000.0,25000.0,10000.0,10000.0,10000.0,20000.0,10000,50000.0,50000.0,30000.0,20000.0
2025-04-09,13000.0,43333.0,35000.0,60000.0,40000.0,18000.0,18667.0,17517.0,20000.0,15500.0,10500.0,32300.0,29467.0,125000.0,125000.0,125000.0,100000.0,25000.0,35000.0,95000.0,3000.0,45000.0,36667.0,10000.0,12500.0,47000.0,42000.0,17000.0,10000.0,50000.0,15000.0,10000.0,8000.0,25000.0,10000.0,10000.0,10000.0,20000.0,10000,50000.0,50000.0,30000.0,20000.0
2025-04-10,13000.0,43333.0,35000.0,60000.0,43333.0,18000.0,18667.0,17517.0,20000.0,15500.0,10500.0,32300.0,29467.0,125000.0,125000.0,125000.0,100000.0,25000.0,35000.0,95000.0,3000.0,45000.0,36667.0,10000.0,12500.0,47000.0,42000.0,17000.0,10000.0,50000.0,15000.0,10000.0,8000.0,25000.0,10000.0,10000.0,10000.0,20000.0,10000,50000.0,50000.0,30000.0,20000.0
2025-04-11,13000.0,43333.0,35000.0,61667.0,40000.0,18000.0,18667.0,17517.0,20000.0,15500.0,10500.0,32300.0,29467.0,125000.0,125000.0,125000.0,100000.0,25000.0,35000.0,95000.0,3000.0,45000.0,36667.0,10000.0,12500.0,47000.0,42000.0,17000.0,10000.0,50000.0,15000.0,10000.0,8000.0,25000.0,10000.0,10000.0,10000.0,20000.0,10000,50000.0,50000.0,30000.0,20000.0
2025-04-12,13000.0,43333.0,35000.0,61667.0,40000.0,18000.0,18667.0,17517.0,20000.0,15500.0,10500.0,32300.0,29467.0,125000.0,125000.0,125000.0,100000.0,25000.0,35000.0,95000.0,3000.0,45000.0,36667.0,10000.0,12500.0,47000.0,42000.0,17000.0,10000.0,50000.0,15000.0,10000.0,8000.0,25000.0,10000.0,10000.0,10000.0,20000.0,10000,50000.0,50000.0,30000.0,20000.0
2025-04-13,13000.0,43333.0,35000.0,61667.0,40000.0,18000.0,18667.0,17517.0,20000.0,15500.0,10500.0,32300.0,29467.0,125000.0,125000.0,125000.0,100000.0,25000.0,35000.0,95000.0,3000.0,45000.0,36667.0,10000.0,12500.0,47000.0,42000.0,17000.0,10000.0,50000.0,15000.0,10000.0,8000.0,25000.0,10000.0,10000.0,10000.0,20000.0,10000,50000.0,50000.0,30000.0,20000.0
2025-04-14,13000.0,38333.0,35000.0,63333.0,38333.0,18000.0,18667.0,17517.0,20000.0,15500.0,10500.0,32300.0,29467.0,125000.0,125000.0,125000.0,100000.0,25000.0,35000.0,95000.0,3000.0,45000.0,36667.0,10000.0,12500.0,47000.0,42000.0,17000.0,10000.0,50000.0,15000.0,10000.0,11300.0,25000.0,10000.0,10000.0,10000.0,20000.0,10000,50000.0,50000.0,30000.0,20000.0
2025-04-15,13000.0,38333.0,35000.0,63333.0,38333.0,18000.0,18667.0,17517.0,20000.0,15500.0,10500.0,32300.0,29467.0,125000.0,125000.0,125000.0,100000.0,25000.0,35000.0,95000.0,3000.0,45000.0,36667.0,10000.0,12500.0,47000.0,42000.0,17000.0,10000.0,50000.0,15000.0,10000.0,12300.0,25000.0,10000.0,10000.0,10000.0,20000.0,10000,50000.0,50000.0,30000.0,20000.0
2025-04-16,13000.0,40000.0,37667.0,73333.0,38333.0,18000.0,18667.0,17517.0,20000.0,15500.0,10500.0,31367.0,29467.0,130000.0,130000.0,130000.0,100000.0,25000.0,35000.0,95000.0,3000.0,45000.0,36667.0,10000.0,12500.0,47000.0,42000.0,17000.0,10000.0,50000.0,15000.0,10000.0,14000.0,25000.0,10000.0,10000.0,10000.0,20000.0,10000,50000.0,50000.0,30000.0,20000.0
2025-04-17,13000.0,40000.0,37667.0,73333.0,38333.0,18000.0,18667.0,17400.0,20000.0,15500.0,10500.0,31367.0,29183.0,130000.0,130000.0,130000.0,100000.0,25000.0,35000.0,95000.0,3000.0,45000.0,36667.0,10000.0,12500.0,47000.0,42000.0,17000.0,10000.0,50000.0,15000.0,10000.0,14000.0,25000.0,10000.0,10000.0,10000.0,20000.0,10000,50000.0,50000.0,30000.0,20000.0
2025-04-18,13000.0,40000.0,37667.0,73333.0,38333.0,18000.0,18667.0,17400.0,20000.0,15500.0,10500.0,31367.0,29183.0,130000.0,130000.0,130000.0,100000.0,25000.0,35000.0,95000.0,3000.0,45000.0,36667.0,10000.0,12500.0,47000.0,42000.0,17000.0,10000.0,50000.0,15000.0,10000.0,14000.0,25000.0,10000.0,10000.0,10000.0,20000.0,10000,50000.0,50000.0,30000.0,20000.0
2025-04-19,13000.0,40000.0,37667.0,73333.0,38333.0,18000.0,18667.0,17400.0,20000.0,15500.0,10500.0,31367.0,29183.0,130000.0,130000.0,130000.0,100000.0,25000.0,35000.0,95000.0,3000.0,45000.0,36667.0,10000.0,12500.0,47000.0,42000.0,17000.0,10000.0,50000.0,15000.0,10000.0,14000.0,25000.0,10000.0,10000.0,10000.0,20000.0,10000,50000.0,50000.0,30000.0,20000.0
2025-04-20,13000.0,40000.0,37667.0,73333.0,38333.0,18000.0,18667.0,17400.0,20000.0,15500.0,10500.0,31367.0,29183.0,130000.0,130000.0,130000.0,100000.0,25000.0,35000.0,95000.0,3000.0,45000.0,36667.0,10000.0,12500.0,47000.0,42000.0,17000.0,10000.0,50000.0,15000.0,10000.0,14000.0,25000.0,10000.0,10000.0,10000.0,20000.0,10000,50000.0,50000.0,30000.0,20000.0
2025-04-21,13000.0,48333.0,40000.0,73333.0,38333.0,18000.0,18667.0,17400.0,20000.0,15500.0,10500.0,28433.0,29183.0,130000.0,130000.0,130000.0,100000.0,25000.0,35000.0,95000.0,3000.0,45000.0,36667.0,10000.0,12500.0,47000.0,42000.0,17000.0,10000.0,50000.0,15000.0,10000.0,14600.0,25000.0,10000.0,10000.0,10000.0,20000.0,10000,55000.0,50000.0,30000.0,20000.0
2025-04-22,13000.0,48333.0,40000.0,73333.0,38333.0,18000.0,18667.0,17400.0,20000.0,15500.0,10500.0,28433.0,29183.0,130000.0,130000.0,130000.0,100000.0,25000.0,35000.0,95000.0,3000.0,45000.0,40000.0,10000.0,12500.0,47000.0,42000.0,17000.0,10000.0,50000.0,15000.0,10000.0,14600.0,25000.0,10000.0,10000.0,10000.0,20000.0,10000,55000.0,50000.0,30000.0,20000.0
2025-04-23,13000.0,48333.0,40000.0,68333.0,38333.0,18000.0,18667.0,17400.0,20000.0,15500.0,10500.0,28433.0,29183.0,130000.0,130000.0,130000.0,100000.0,25000.0,35000.0,95000.0,3000.0,45000.0,40000.0,10000.0,12500.0,47000.0,42000.0,17000.0,10000.0,50000.0,15000.0,10000.0,12700.0,25000.0,10000.0,10000.0,10000.0,20000.0,10000,55000.0,50000.0,30000.0,20000.0
2025-04-24,13000.0,48333.0,41667.0,63333.0,38333.0,18000.0,18667.0,17400.0,20000.0,15500.0,10500.0,28433.0,29183.0,130000.0,130000.0,130000.0,100000.0,25000.0,35000.0,95000.0,3000.0,45000.0,40000.0,10000.0,12500.0,47000.0,42000.0,17000.0,10000.0,50000.0,15000.0,10000.0,11300.0,25000.0,10000.0,10000.0,10000.0,20000.0,10000,55000.0,50000.0,30000.0,20000.0
2025-04-25,13000.0,48333.0,41667.0,63333.0,38333.0,18000.0,18667.0,17400.0,20000.0,15500.0,10500.0,27467.0,29183.0,130000.0,130000.0,130000.0,100000.0,25000.0,35000.0,95000.0,3000.0,45000.0,40000.0,10000.0,12500.0,47000.0,42000.0,17000.0,10000.0,50000.0,15000.0,10000.0,11300.0,25000.0,10000.0,10000.0,10000.0,20000.0,10000,55000.0,50000.0,30000.0,20000.0
2025-04-26,13000.0,48333.0,41667.0,63333.0,38333.0,18000.0,18667.0,17400.0,20000.0,15500.0,10500.0,27467.0,29183.0,130000.0,130000.0,130000.0,100000.0,25000.0,35000.0,95000.0,3000.0,45000.0,40000.0,10000.0,12500.0,47000.0,42000.0,17000.0,10000.0,50000.0,15000.0,10000.0,11300.0,25000.0,10000.0,10000.0,10000.0,20000.0,10000,55000.0,50000.0,30000.0,20000.0
2025-04-27,13000.0,48333.0,41667.0,63333.0,38333.0,18000.0,18667.0,17400.0,20000.0,15500.0,10500.0,27467.0,29183.0,130000.0,130000.0,130000.0,100000.0,25000.0,35000.0,95000.0,3000.0,45000.0,40000.0,10000.0,12500.0,47000.0,42000.0,17000.0,10000.0,50000.0,15000.0,10000.0,11300.0,25000.0,10000.0,10000.0,10000.0,20000.0,10000,55000.0,50000.0,30000.0,20000.0
2025-04-28,13000.0,46667.0,44000.0,60000.0,38333.0,18000.0,18667.0,17400.0,20000.0,15500.0,10500.0,27467.0,29183.0,130000.0,130000.0,130000.0,100000.0,25000.0,35000.0,95000.0,3000.0,45000.0,40000.0,10000.0,12500.0,47000.0,42000.0,17000.0,10000.0,50000.0,15000.0,10000.0,6700.0,24700.0,10000.0,10000.0,10000.0,20000.0,10000,55000.0,50000.0,30000.0,20000.0
2025-04-29,13000.0,46667.0,44000.0,60000.0,38333.0,18000.0,18667.0,17400.0,20000.0,15500.0,10500.0,27467.0,29183.0,130000.0,130000.0,130000.0,100000.0,25000.0,35000.0,95000.0,3000.0,45000.0,40000.0,10000.0,12500.0,47000.0,42000.0,17000.0,10000.0,50000.0,15000.0,10000.0,6700.0,24700.0,10000.0,10000.0,10000.0,20000.0,10000,55000.0,50000.0,30000.0,20000.0
2025-04-30,13000.0,46667.0,44000.0,60000.0,38333.0,18000.0,18667.0,17400.0,20000.0,15500.0,10500.0,27467.0,29183.0,130000.0,130000.0,130000.0,100000.0,25000.0,35000.0,95000.0,3000.0,45000.0,40000.0,10000.0,12500.0,47000.0,42000.0,17000.0,10000.0,50000.0,15000.0,10000.0,6700.0,24700.0,10000.0,10000.0,10000.0,20000.0,10000,55000.0,50000.0,30000.0,20000.0
2025-05-01,13000.0,46667.0,44000.0,60000.0,38333.0,18000.0,18667.0,17400.0,20000.0,15500.0,10500.0,27467.0,29183.0,130000.0,130000.0,130000.0,100000.0,25000.0,35000.0,95000.0,3000.0,45000.0,40000.0,10000.0,12500.0,47000.0,42000.0,17000.0,10000.0,50000.0,15000.0,10000.0,6700.0,24700.0,10000.0,10000.0,10000.0,20000.0,10000,55000.0,50000.0,30000.0,20000.0
2025-05-02,10800.0,46667.0,47667.0,60000.0,40000.0,18000.0,18667.0,17400.0,20000.0,15500.0,10500.0,27467.0,29183.0,130000.0,130000.0,130000.0,100000.0,25000.0,35000.0,95000.0,3000.0,45000.0,40000.0,10000.0,12500.0,47000.0,42000.0,17000.0,10000.0,50000.0,15000.0,10000.0,6000.0,24700.0,10000.0,10000.0,10000.0,20000.0,10000,55000.0,50000.0,30000.0,20000.0
2025-05-03,10800.0,46667.0,47667.0,60000.0,40000.0,18000.0,18667.0,17400.0,20000.0,15500.0,10500.0,27467.0,29183.0,130000.0,130000.0,130000.0,100000.0,25000.0,35000.0,95000.0,3000.0,45000.0,40000.0,10000.0,12500.0,47000.0,42000.0,17000.0,10000.0,50000.0,15000.0,10000.0,6000.0,24700.0,10000.0,10000.0,10000.0,20000.0,10000,55000.0,50000.0,30000.0,20000.0
2025-05-04,10800.0,46667.0,47667.0,60000.0,40000.0,18000.0,18667.0,17400.0,20000.0,15500.0,10500.0,27467.0,29183.0,130000.0,130000.0,130000.0,100000.0,25000.0,35000.0,95000.0,3000.0,45000.0,40000.0,10000.0,12500.0,47000.0,42000.0,17000.0,10000.0,50000.0,15000.0,10000.0,6000.0,24700.0,10000.0,10000.0,10000.0,20000.0,10000,55000.0,50000.0,30000.0,20000.0
2025-05-05,10800.0,50000.0,50000.0,60000.0,38333.0,18000.0,18667.0,17400.0,20000.0,15500.0,10500.0,28400.0,29183.0,130000.0,130000.0,130000.0,100000.0,25000.0,35000.0,95000.0,3000.0,45000.0,40000.0,10000.0,12500.0,47000.0,42000.0,17000.0,10000.0,50000.0,15000.0,10000.0,6000.0,24700.0,10000.0,10000.0,10000.0,20000.0,10000,55000.0,50000.0,30000.0,20000.0
2025-05-06,10800.0,51667.0,50000.0,60000.0,38333.0,18000.0,18667.0,17400.0,20000.0,15500.0,10500.0,28400.0,29183.0,130000.0,130000.0,130000.0,100000.0,25000.0,35000.0,95000.0,3000.0,45000.0,40000.0,10000.0,12500.0,47000.0,42000.0,17000.0,10000.0,50000.0,15000.0,10000.0,6000.0,24700.0,10000.0,10000.0,10000.0,20000.0,10000,55000.0,50000.0,30000.0,20000.0
2025-05-07,10800.0,51667.0,50000.0,60000.0,38333.0,18000.0,18667.0,17400.0,20000.0,15500.0,10500.0,28400.0,29183.0,130000.0,130000.0,130000.0,100000.0,25000.0,35000.0,95000.0,3000.0,45000.0,40000.0,10000.0,12500.0,47000.0,42000.0,17000.0,10000.0,50000.0,15000.0,10000.0,6000.0,24700.0,10000.0,10000.0,10000.0,20000.0,10000,55000.0,40000.0,30000.0,20000.0
2025-05-08,10800.0,51667.0,50000.0,60000.0,38333.0,18000.0,18667.0,17400.0,20000.0,15500.0,10500.0,28400.0,29183.0,130000.0,130000.0,130000.0,100000.0,25000.0,35000.0,95000.0,3000.0,45000.0,40000.0,10000.0,12500.0,47000.0,42000.0,17000.0,10000.0,50000.0,15000.0,10000.0,6000.0,24700.0,10000.0,10000.0,10000.0,20000.0,10000,55000.0,40000.0,30000.0,20000.0
2025-05-09,10800.0,50000.0,49333.0,56667.0,38333.0,18000.0,18667.0,17400.0,20000.0,15500.0,10500.0,29400.0,29183.0,130000.0,130000.0,130000.0,100000.0,25000.0,35000.0,95000.0,3000.0,45000.0,40000.0,10000.0,12500.0,47000.0,42000.0,17000.0,10000.0,50000.0,15000.0,10000.0,6000.0,24700.0,10000.0,10000.0,10000.0,20000.0,10000,55000.0,40000.0,30000.0,20000.0
2025-05-10,10800.0,50000.0,49333.0,56667.0,38333.0,18000.0,18667.0,17400.0,20000.0,15500.0,10500.0,29400.0,29183.0,130000.0,130000.0,130000.0,100000.0,25000.0,35000.0,95000.0,3000.0,45000.0,40000.0,10000.0,12500.0,47000.0,42000.0,17000.0,10000.0,50000.0,15000.0,10000.0,6000.0,24700.0,10000.0,10000.0,10000.0,20000.0,10000,55000.0,40000.0,30000.0,20000.0
2025-05-11,10800.0,50000.0,49333.0,56667.0,38333.0,18000.0,18667.0,17400.0,20000.0,15500.0,10500.0,29400.0,29183.0,130000.0,130000.0,130000.0,100000.0,25000.0,35000.0,95000.0,3000.0,45000.0,40000.0,10000.0,12500.0,47000.0,42000.0,17000.0,10000.0,50000.0,15000.0,10000.0,6000.0,24700.0,10000.0,10000.0,10000.0,20000.0,10000,55000.0,40000.0,30000.0,20000.0
2025-05-12,10800.0,50000.0,49333.0,56667.0,38333.0,18000.0,18667.0,17400.0,20000.0,15500.0,10500.0,29400.0,29183.0,130000.0,130000.0,130000.0,100000.0,25000.0,35000.0,95000.0,3000.0,45000.0,40000.0,10000.0,12500.0,47000.0,42000.0,17000.0,10000.0,50000.0,15000.0,10000.0,6000.0,24700.0,10000.0,10000.0,10000.0,20000.0,10000,55000.0,40000.0,30000.0,20000.0
2025-05-13,10800.0,50000.0,49333.0,56667.0,38333.0,18000.0,18667.0,17400.0,20000.0,15500.0,10500.0,29400.0,29183.0,130000.0,130000.0,130000.0,100000.0,25000.0,35000.0,95000.0,3000.0,45000.0,40000.0,10000.0,12500.0,47000.0,42000.0,17000.0,10000.0,50000.0,15000.0,10000.0,6000.0,24700.0,10000.0,10000.0,10000.0,20000.0,10000,55000.0,40000.0,30000.0,20000.0
2025-05-14,10800.0,46667.0,45000.0,53333.0,35000.0,18000.0,18667.0,17400.0,20000.0,15500.0,10500.0,29400.0,29183.0,130000.0,130000.0,130000.0,100000.0,25000.0,35000.0,95000.0,3000.0,44667.0,45000.0,10000.0,12500.0,47000.0,42000.0,17000.0,10000.0,50000.0,15000.0,10000.0,5000.0,24700.0,10000.0,10000.0,10000.0,20000.0,10000,55000.0,40000.0,30000.0,20000.0
2025-05-15,10800.0,46667.0,45000.0,53333.0,35000.0,18000.0,18667.0,17400.0,20000.0,15500.0,10500.0,29400.0,29183.0,130000.0,130000.0,130000.0,100000.0,25000.0,35000.0,95000.0,3000.0,44667.0,45000.0,10000.0,12500.0,47000.0,42000.0,17000.0,10000.0,50000.0,15000.0,10000.0,5000.0,24700.0,10000.0,10000.0,10000.0,20000.0,10000,55000.0,40000.0,30000.0,20000.0
2025-05-16,10800.0,46667.0,45000.0,53333.0,33333.0,19000.0,18667.0,17400.0,20000.0,15500.0,10500.0,29400.0,29183.0,130000.0,130000.0,130000.0,100000.0,25000.0,35000.0,95000.0,3000.0,44667.0,41667.0,10000.0,12500.0,47000.0,42000.0,17000.0,10000.0,50000.0,15000.0,10000.0,5000.0,21300.0,10000.0,10000.0,10000.0,20000.0,10000,55000.0,40000.0,30000.0,20000.0
2025-05-17,10800.0,46667.0,45000.0,53333.0,33333.0,19000.0,18667.0,17400.0,20000.0,15500.0,10500.0,29400.0,29183.0,130000.0,130000.0,130000.0,100000.0,25000.0,35000.0,95000.0,3000.0,44667.0,41667.0,10000.0,12500.0,47000.0,42000.0,17000.0,10000.0,50000.0,15000.0,10000.0,5000.0,21300.0,10000.0,10000.0,10000.0,20000.0,10000,55000.0,40000.0,30000.0,20000.0
2025-05-18,10800.0,46667.0,45000.0,53333.0,33333.0,19000.0,18667.0,17400.0,20000.0,15500.0,10500.0,29400.0,29183.0,130000.0,130000.0,130000.0,100000.0,25000.0,35000.0,95000.0,3000.0,44667.0,41667.0,10000.0,12500.0,47000.0,42000.0,17000.0,10000.0,50000.0,15000.0,10000.0,5000.0,21300.0,10000.0,10000.0,10000.0,20000.0,10000,55000.0,40000.0,30000.0,20000.0
2025-05-19,10800.0,45000.0,36667.0,48333.0,35000.0,19000.0,18667.0,17400.0,20000.0,15500.0,10500.0,29367.0,29183.0,130000.0,130000.0,130000.0,100000.0,25000.0,35000.0,95000.0,3000.0,44667.0,43333.0,10000.0,12500.0,47000.0,42000.0,17000.0,10000.0,50000.0,15000.0,10000.0,5700.0,21700.0,10000.0,10000.0,10000.0,20000.0,10000,55000.0,40000.0,30000.0,20000.0
2025-05-20,10800.0,45000.0,36667.0,48333.0,35000.0,19000.0,18667.0,17400.0,20000.0,15500.0,10500.0,29367.0,29183.0,130000.0,130000.0,130000.0,100000.0,25000.0,35000.0,95000.0,3000.0,44667.0,43333.0,10000.0,12500.0,47000.0,42000.0,17000.0,10000.0,50000.0,15000.0,10000.0,5700.0,21700.0,10000.0,10000.0,10000.0,20000.0,10000,55000.0,40000.0,30000.0,20000.0
2025-05-21,10800.0,45000.0,36667.0,46667.0,33333.0,19000.0,18667.0,17400.0,20000.0,15500.0,10500.0,29367.0,29183.0,130000.0,130000.0,130000.0,100000.0,25000.0,35000.0,95000.0,3000.0,44667.0,43333.0,10000.0,12500.0,47000.0,42000.0,17000.0,10000.0,50000.0,15000.0,10000.0,5700.0,21700.0,10000.0,10000.0,10000.0,20000.0,10000,55000.0,40000.0,30000.0,20000.0
2025-05-22,10800.0,41667.0,35000.0,41667.0,33333.0,19000.0,18667.0,17400.0,20000.0,15500.0,10500.0,29367.0,29183.0,130000.0,130000.0,130000.0,100000.0,25000.0,35000.0,95000.0,3000.0,44667.0,43333.0,10000.0,12500.0,47000.0,42000.0,17000.0,10000.0,50000.0,15000.0,10000.0,6300.0,21700.0,10000.0,10000.0,10000.0,20000.0,10000,55000.0,40000.0,30000.0,20000.0
2025-05-23,10800.0,40000.0,31667.0,41667.0,33333.0,19000.0,18667.0,17400.0,20000.0,15500.0,10500.0,29367.0,29183.0,130000.0,130000.0,130000.0,100000.0,25000.0,35000.0,95000.0,3000.0,44667.0,43333.0,10000.0,12500.0,47000.0,42000.0,17000.0,10000.0,50000.0,15000.0,10000.0,6300.0,21700.0,10000.0,10000.0,10000.0,20000.0,10000,55000.0,40000.0,30000.0,20000.0
2025-05-24,10800.0,40000.0,31667.0,41667.0,33333.0,19000.0,18667.0,17400.0,20000.0,15500.0,10500.0,29367.0,29183.0,130000.0,130000.0,130000.0,100000.0,25000.0,35000.0,95000.0,3000.0,44667.0,43333.0,10000.0,12500.0,47000.0,42000.0,17000.0,10000.0,50000.0,15000.0,10000.0,6300.0,21700.0,10000.0,10000.0,10000.0,20000.0,10000,55000.0,40000.0,30000.0,20000.0
2025-05-25,10800.0,40000.0,31667.0,41667.0,33333.0,19000.0,18667.0,17400.0,20000.0,15500.0,10500.0,29367.0,29183.0,130000.0,130000.0,130000.0,100000.0,25000.0,35000.0,95000.0,3000.0,44667.0,43333.0,10000.0,12500.0,47000.0,42000.0,17000.0,10000.0,50000.0,15000.0,10000.0,6300.0,21700.0,10000.0,10000.0,10000.0,20000.0,10000,55000.0,40000.0,30000.0,20000.0
2025-05-26,10800.0,35000.0,31000.0,40000.0,33333.0,19000.0,18667.0,17400.0,20000.0,15500.0,10500.0,29367.0,29183.0,130000.0,130000.0,130000.0,100000.0,25000.0,35000.0,95000.0,3000.0,42667.0,41667.0,10000.0,12500.0,47000.0,42000.0,17000.0,10000.0,50000.0,15000.0,10000.0,6700.0,21700.0,10000.0,10000.0,10000.0,20000.0,10000,55000.0,40000.0,30000.0,20000.0
2025-05-27,10800.0,35000.0,31000.0,36667.0,34000.0,19000.0,18667.0,17400.0,20000.0,15500.0,10500.0,29367.0,29183.0,130000.0,130000.0,130000.0,100000.0,25000.0,35000.0,95000.0,3000.0,42667.0,41667.0,10000.0,12500.0,47000.0,42000.0,17000.0,10000.0,50000.0,15000.0,10000.0,7300.0,21700.0,10000.0,10000.0,10000.0,20000.0,10000,55000.0,40000.0,30000.0,20000.0
2025-05-28,10800.0,35000.0,31000.0,38333.0,34000.0,19000.0,18667.0,17400.0,20000.0,15500.0,10500.0,29367.0,29183.0,130000.0,130000.0,130000.0,100000.0,25000.0,35000.0,95000.0,3000.0,42667.0,41667.0,10000.0,12500.0,47000.0,42000.0,17000.0,10000.0,50000.0,15000.0,10000.0,7300.0,20700.0,10000.0,10000.0,10000.0,20000.0,10000,55000.0,40000.0,30000.0,20000.0
2025-05-29,10800.0,35000.0,31000.0,38333.0,34000.0,19000.0,18667.0,17400.0,20000.0,15500.0,10500.0,29367.0,29183.0,130000.0,130000.0,130000.0,100000.0,25000.0,35000.0,95000.0,3000.0,42667.0,41667.0,10000.0,12500.0,47000.0,42000.0,17000.0,10000.0,50000.0,15000.0,10000.0,7300.0,20700.0,10000.0,10000.0,10000.0,20000.0,10000,55000.0,40000.0,30000.0,20000.0
2025-05-30,10800.0,35000.0,31000.0,38333.0,34000.0,19000.0,18667.0,17400.0,20000.0,15500.0,10500.0,29367.0,29183.0,130000.0,130000.0,130000.0,100000.0,25000.0,35000.0,95000.0,3000.0,42667.0,41667.0,10000.0,12500.0,47000.0,42000.0,17000.0,10000.0,50000.0,15000.0,10000.0,7300.0,20700.0,10000.0,10000.0,10000.0,20000.0,10000,55000.0,40000.0,30000.0,20000.0
2025-05-31,10800.0,35000.0,31000.0,38333.0,34000.0,19000.0,18667.0,17400.0,20000.0,15500.0,10500.0,29367.0,29183.0,130000.0,130000.0,130000.0,100000.0,25000.0,35000.0,95000.0,3000.0,42667.0,41667.0,10000.0,12500.0,47000.0,42000.0,17000.0,10000.0,50000.0,15000.0,10000.0,7300.0,20700.0,10000.0,10000.0,10000.0,20000.0,10000,55000.0,40000.0,30000.0,20000.0
2025-06-01,10800.0,35000.0,31000.0,38333.0,34000.0,19000.0,18667.0,17400.0,20000.0,15500.0,10500.0,29367.0,29183.0,130000.0,130000.0,130000.0,100000.0,25000.0,35000.0,95000.0,3000.0,42667.0,41667.0,10000.0,12500.0,47000.0,42000.0,17000.0,10000.0,50000.0,15000.0,10000.0,7300.0,20700.0,10000.0,10000.0,10000.0,20000.0,10000,55000.0,40000.0,30000.0,20000.0
2025-06-02,10800.0,45000.0,46667.0,43333.0,35000.0,19000.0,18667.0,17400.0,20000.0,15500.0,10500.0,28400.0,29183.0,130000.0,130000.0,130000.0,100000.0,25000.0,35000.0,95000.0,3000.0,40000.0,41667.0,10000.0,12500.0,47000.0,42000.0,17000.0,10000.0,50000.0,15000.0,10000.0,9300.0,20700.0,10000.0,10000.0,10000.0,20000.0,10000,57500.0,40000.0,30000.0,20000.0
2025-06-03,10800.0,46667.0,46667.0,43333.0,35000.0,19000.0,18667.0,17400.0,20000.0,15500.0,10500.0,28400.0,29183.0,130000.0,130000.0,130000.0,100000.0,25000.0,35000.0,95000.0,3000.0,40000.0,41667.0,10000.0,12500.0,47000.0,42000.0,17000.0,10000.0,50000.0,15000.0,10000.0,12000.0,20700.0,10000.0,10000.0,10000.0,20000.0,10000,57500.0,40000.0,30000.0,20000.0
2025-06-04,10800.0,46667.0,46667.0,43333.0,35000.0,19000.0,18667.0,17400.0,20000.0,15500.0,10500.0,31833.0,29183.0,130000.0,130000.0,130000.0,100000.0,25000.0,35000.0,95000.0,3000.0,40000.0,41667.0,10000.0,12500.0,47000.0,42000.0,17000.0,10000.0,50000.0,15000.0,10000.0,12000.0,20700.0,10000.0,10000.0,10000.0,20000.0,10000,60000.0,40000.0,30000.0,20000.0
2025-06-05,10800.0,46667.0,46667.0,43333.0,35000.0,19000.0,18667.0,17400.0,20000.0,15500.0,10500.0,31833.0,29183.0,130000.0,130000.0,130000.0,100000.0,25000.0,35000.0,95000.0,3000.0,40000.0,41667.0,10000.0,12500.0,47000.0,42000.0,17000.0,10000.0,50000.0,15000.0,10000.0,12000.0,20700.0,10000.0,10000.0,10000.0,20000.0,10000,60000.0,40000.0,30000.0,20000.0
2025-06-06,10800.0,46667.0,46667.0,43333.0,35000.0,19000.0,18667.0,17400.0,20000.0,15500.0,10500.0,31833.0,29183.0,130000.0,130000.0,130000.0,100000.0,25000.0,35000.0,95000.0,3000.0,40000.0,41667.0,10000.0,12500.0,47000.0,42000.0,17000.0,10000.0,50000.0,15000.0,10000.0,12000.0,20700.0,10000.0,10000.0,10000.0,20000.0,10000,60000.0,40000.0,30000.0,20000.0
2025-06-07,10800.0,46667.0,46667.0,43333.0,35000.0,19000.0,18667.0,17400.0,20000.0,15500.0,10500.0,31833.0,29183.0,130000.0,130000.0,130000.0,100000.0,25000.0,35000.0,95000.0,3000.0,40000.0,41667.0,10000.0,12500.0,47000.0,42000.0,17000.0,10000.0,50000.0,15000.0,10000.0,12000.0,20700.0,10000.0,10000.0,10000.0,20000.0,10000,60000.0,40000.0,30000.0,20000.0
2025-06-08,10800.0,46667.0,46667.0,43333.0,35000.0,19000.0,18667.0,17400.0,20000.0,15500.0,10500.0,31833.0,29183.0,130000.0,130000.0,130000.0,100000.0,25000.0,35000.0,95000.0,3000.0,40000.0,41667.0,10000.0,12500.0,47000.0,42000.0,17000.0,10000.0,50000.0,15000.0,10000.0,12000.0,20700.0,10000.0,10000.0,10000.0,20000.0,10000,60000.0,40000.0,30000.0,20000.0
2025-06-09,10800.0,46667.0,46667.0,43333.0,35000.0,19000.0,18667.0,17400.0,20000.0,15500.0,10500.0,31833.0,29183.0,130000.0,130000.0,130000.0,100000.0,25000.0,35000.0,95000.0,3000.0,40000.0,41667.0,10000.0,12500.0,47000.0,42000.0,17000.0,10000.0,50000.0,15000.0,10000.0,12000.0,20700.0,10000.0,10000.0,10000.0,20000.0,10000,60000.0,40000.0,30000.0,20000.0
2025-06-10,10800.0,40000.0,35000.0,43333.0,33333.0,19000.0,18667.0,17400.0,20000.0,15500.0,10500.0,32300.0,29183.0,130000.0,130000.0,130000.0,100000.0,25000.0,35000.0,95000.0,3000.0,41667.0,46667.0,10000.0,12500.0,47000.0,42000.0,17000.0,10000.0,50000.0,15000.0,10000.0,10700.0,20700.0,10000.0,10000.0,10000.0,20000.0,10000,62500.0,40000.0,30000.0,20000.0
2025-06-11,10800.0,40000.0,31667.0,43333.0,33333.0,19000.0,18667.0,17400.0,20000.0,15500.0,10500.0,32300.0,29183.0,130000.0,130000.0,130000.0,100000.0,25000.0,35000.0,95000.0,3000.0,41667.0,46667.0,10000.0,12500.0,47000.0,42000.0,17000.0,10000.0,50000.0,15000.0,10000.0,10000.0,20000.0,10000.0,10000.0,10000.0,20000.0,10000,62500.0,40000.0,30000.0,20000.0
2025-06-12,10800.0,40000.0,31667.0,43333.0,40000.0,19000.0,18667.0,17400.0,20000.0,15500.0,10500.0,27433.0,29183.0,130000.0,130000.0,130000.0,100000.0,25000.0,35000.0,95000.0,3000.0,41667.0,48333.0,10000.0,12500.0,47000.0,42000.0,17000.0,10000.0,50000.0,15000.0,10000.0,10000.0,20000.0,10000.0,10000.0,10000.0,20000.0,10000,62500.0,40000.0,30000.0,20000.0
2025-06-13,10800.0,40000.0,26667.0,41667.0,40000.0,19000.0,18667.0,17400.0,20000.0,15500.0,10500.0,27433.0,29183.0,130000.0,130000.0,130000.0,100000.0,25000.0,35000.0,95000.0,3000.0,40000.0,44000.0,10000.0,12500.0,47000.0,42000.0,17000.0,10000.0,50000.0,15000.0,10000.0,10000.0,20000.0,10000.0,10000.0,10000.0,20000.0,10000,62500.0,40000.0,30000.0,20000.0
2025-06-14,10800.0,40000.0,26667.0,41667.0,40000.0,19000.0,18667.0,17400.0,20000.0,15500.0,10500.0,27433.0,29183.0,130000.0,130000.0,130000.0,100000.0,25000.0,35000.0,95000.0,3000.0,40000.0,44000.0,10000.0,12500.0,47000.0,42000.0,17000.0,10000.0,50000.0,15000.0,10000.0,10000.0,20000.0,10000.0,10000.0,10000.0,20000.0,10000,62500.0,40000.0,30000.0,20000.0
2025-06-15,10800.0,40000.0,26667.0,41667.0,40000.0,19000.0,18667.0,17400.0,20000.0,15500.0,10500.0,27433.0,29183.0,130000.0,130000.0,130000.0,100000.0,25000.0,35000.0,95000.0,3000.0,40000.0,44000.0,10000.0,12500.0,47000.0,42000.0,17000.0,10000.0,50000.0,15000.0,10000.0,10000.0,20000.0,10000.0,10000.0,10000.0,20000.0,10000,62500.0,40000.0,30000.0,20000.0
2025-06-16,10800.0,36667.0,25333.0,36667.0,40000.0,19000.0,18667.0,17400.0,20000.0,15500.0,10500.0,24467.0,28333.0,130000.0,130000.0,130000.0,100000.0,25000.0,35000.0,95000.0,3000.0,40000.0,44000.0,10000.0,12500.0,47000.0,42000.0,17000.0,10000.0,50000.0,15000.0,10000.0,10700.0,20000.0,10000.0,10000.0,10000.0,20000.0,10000,60000.0,40000.0,30000.0,20000.0
2025-06-17,10800.0,36667.0,25333.0,36667.0,40000.0,19000.0,18667.0,17400.0,20000.0,15500.0,10500.0,24467.0,28333.0,130000.0,130000.0,130000.0,100000.0,25000.0,35000.0,95000.0,3000.0,40000.0,44000.0,10000.0,12500.0,47000.0,42000.0,17000.0,10000.0,50000.0,15000.0,10000.0,11300.0,20000.0,10000.0,10000.0,10000.0,20000.0,10000,60000.0,40000.0,30000.0,20000.0
2025-06-18,10800.0,36667.0,25333.0,36667.0,40000.0,19000.0,18667.0,17400.0,20000.0,15500.0,10500.0,24467.0,28333.0,130000.0,130000.0,130000.0,100000.0,25000.0,35000.0,95000.0,3000.0,40000.0,54000.0,10000.0,12500.0,47000.0,42000.0,17000.0,10000.0,50000.0,15000.0,10000.0,11300.0,20000.0,10000.0,10000.0,10000.0,20000.0,10000,60000.0,40000.0,30000.0,20000.0
2025-06-19,10800.0,36667.0,25333.0,36667.0,40000.0,19000.0,18667.0,17400.0,20000.0,15500.0,10500.0,25433.0,28333.0,130000.0,130000.0,130000.0,100000.0,25000.0,35000.0,95000.0,3000.0,40000.0,54000.0,10000.0,12500.0,47000.0,42000.0,17000.0,10000.0,50000.0,15000.0,10000.0,12700.0,20000.0,10000.0,10000.0,10000.0,20000.0,10000,65000.0,40000.0,30000.0,20000.0
2025-06-20,10800.0,36667.0,25333.0,36667.0,41667.0,19000.0,18667.0,17400.0,20000.0,15500.0,10500.0,25433.0,28333.0,130000.0,130000.0,130000.0,100000.0,25000.0,35000.0,95000.0,3000.0,40000.0,54000.0,10000.0,12500.0,47000.0,42000.0,17000.0,10000.0,50000.0,15000.0,10000.0,13000.0,20000.0,10000.0,10000.0,10000.0,20000.0,10000,65000.0,40000.0,30000.0,20000.0
2025-06-21,10800.0,36667.0,25333.0,36667.0,41667.0,19000.0,18667.0,17400.0,20000.0,15500.0,10500.0,25433.0,28333.0,130000.0,130000.0,130000.0,100000.0,25000.0,35000.0,95000.0,3000.0,40000.0,54000.0,10000.0,12500.0,47000.0,42000.0,17000.0,10000.0,50000.0,15000.0,10000.0,13000.0,20000.0,10000.0,10000.0,10000.0,20000.0,10000,65000.0,40000.0,30000.0,20000.0
2025-06-22,10800.0,36667.0,25333.0,36667.0,41667.0,19000.0,18667.0,17400.0,20000.0,15500.0,10500.0,25433.0,28333.0,130000.0,130000.0,130000.0,100000.0,25000.0,35000.0,95000.0,3000.0,40000.0,54000.0,10000.0,12500.0,47000.0,42000.0,17000.0,10000.0,50000.0,15000.0,10000.0,13000.0,20000.0,10000.0,10000.0,10000.0,20000.0,10000,65000.0,40000.0,30000.0,20000.0
2025-06-23,10800.0,28333.0,21667.0,38333.0,43333.0,19000.0,18667.0,17400.0,20000.0,15500.0,10500.0,27833.0,28333.0,130000.0,130000.0,130000.0,100000.0,25000.0,35000.0,95000.0,3000.0,40000.0,54000.0,10000.0,12500.0,47000.0,42000.0,17000.0,10000.0,50000.0,15000.0,10000.0,17300.0,20000.0,10000.0,10000.0,10000.0,20000.0,10000,67500.0,40000.0,30000.0,20000.0
2025-06-24,10800.0,28333.0,21667.0,38333.0,43333.0,19000.0,18667.0,17400.0,20000.0,15500.0,10500.0,27833.0,28333.0,130000.0,130000.0,130000.0,100000.0,25000.0,35000.0,95000.0,3000.0,40000.0,54000.0,10000.0,12500.0,47000.0,42000.0,17000.0,10000.0,50000.0,15000.0,10000.0,17300.0,20000.0,10000.0,10000.0,10000.0,20000.0,10000,67500.0,40000.0,30000.0,20000.0
2025-06-25,10800.0,28333.0,21667.0,41667.0,43333.0,19000.0,18667.0,17400.0,20000.0,15500.0,10500.0,27833.0,28333.0,130000.0,130000.0,130000.0,100000.0,25000.0,35000.0,95000.0,3000.0,40000.0,54000.0,10000.0,12500.0,47000.0,42000.0,17000.0,10000.0,50000.0,15000.0,10000.0,17300.0,20000.0,10000.0,10000.0,10000.0,20000.0,10000,67500.0,40000.0,30000.0,20000.0
2025-06-26,10800.0,28333.0,21667.0,41667.0,41667.0,19000.0,18667.0,17400.0,20000.0,15500.0,10500.0,27833.0,28333.0,130000.0,130000.0,130000.0,100000.0,25000.0,35000.0,95000.0,3000.0,40000.0,54000.0,10000.0,12500.0,47000.0,42000.0,17000.0,10000.0,50000.0,15000.0,10000.0,20000.0,20000.0,10000.0,10000.0,10000.0,20000.0,10000,67500.0,40000.0,30000.0,20000.0
2025-06-27,10800.0,28333.0,21667.0,41667.0,41667.0,19000.0,18667.0,17400.0,20000.0,15500.0,10500.0,27833.0,28333.0,130000.0,130000.0,130000.0,100000.0,25000.0,35000.0,95000.0,3000.0,40000.0,54000.0,10000.0,12500.0,47000.0,42000.0,17000.0,10000.0,50000.0,15000.0,10000.0,20000.0,20000.0,10000.0,10000.0,10000.0,20000.0,10000,67500.0,40000.0,30000.0,20000.0
2025-06-28,10800.0,28333.0,21667.0,41667.0,41667.0,19000.0,18667.0,17400.0,20000.0,15500.0,10500.0,27833.0,28333.0,130000.0,130000.0,130000.0,100000.0,25000.0,35000.0,95000.0,3000.0,40000.0,54000.0,10000.0,12500.0,47000.0,42000.0,17000.0,10000.0,50000.0,15000.0,10000.0,20000.0,20000.0,10000.0,10000.0,10000.0,20000.0,10000,67500.0,40000.0,30000.0,20000.0
2025-06-29,10800.0,28333.0,21667.0,41667.0,41667.0,19000.0,18667.0,17400.0,20000.0,15500.0,10500.0,27833.0,28333.0,130000.0,130000.0,130000.0,100000.0,25000.0,35000.0,95000.0,3000.0,40000.0,54000.0,10000.0,12500.0,47000.0,42000.0,17000.0,10000.0,50000.0,15000.0,10000.0,20000.0,20000.0,10000.0,10000.0,10000.0,20000.0,10000,67500.0,40000.0,30000.0,20000.0
2025-06-30,10800.0,26667.0,23333.0,46667.0,53333.0,19000.0,18667.0,17400.0,20000.0,15500.0,10500.0,27433.0,28333.0,130000.0,130000.0,130000.0,100000.0,25000.0,35000.0,95000.0,3000.0,40000.0,54000.0,10000.0,12500.0,47000.0,42000.0,17000.0,10000.0,50000.0,15000.0,10000.0,25000.0,20000.0,10000.0,10000.0,10000.0,20000.0,10000,65000.0,40000.0,30000.0,20000.0
2025-07-01,10800.0,26667.0,23333.0,46667.0,53333.0,19000.0,18667.0,17400.0,20000.0,15500.0,10500.0,27433.0,28333.0,130000.0,130000.0,130000.0,100000.0,25000.0,35000.0,95000.0,3000.0,40000.0,54000.0,10000.0,12500.0,47000.0,42000.0,17000.0,10000.0,50000.0,15000.0,10000.0,25000.0,20000.0,10000.0,10000.0,10000.0,20000.0,10000,65000.0,40000.0,30000.0,20000.0
2025-07-02,10800.0,26667.0,23333.0,46667.0,53333.0,19000.0,18667.0,17400.0,20000.0,15500.0,10500.0,27433.0,28333.0,130000.0,130000.0,130000.0,100000.0,25000.0,35000.0,95000.0,3000.0,40000.0,54000.0,10000.0,12500.0,47000.0,42000.0,17000.0,10000.0,50000.0,15000.0,10000.0,26000.0,20000.0,10000.0,10000.0,10000.0,20000.0,10000,65000.0,40000.0,30000.0,20000.0
2025-07-03,10800.0,26667.0,23333.0,46667.0,53333.0,19000.0,18667.0,17400.0,20000.0,15500.0,10500.0,27433.0,28333.0,130000.0,130000.0,130000.0,100000.0,25000.0,35000.0,95000.0,3000.0,40000.0,54000.0,10000.0,12500.0,47000.0,42000.0,17000.0,10000.0,50000.0,15000.0,10000.0,30000.0,20000.0,10000.0,10000.0,10000.0,20000.0,10000,60000.0,40000.0,30000.0,20000.0
2025-07-04,10800.0,26667.0,23333.0,46667.0,53333.0,17833.0,18667.0,17200.0,20000.0,15500.0,10500.0,27433.0,28333.0,130000.0,130000.0,130000.0,100000.0,25000.0,35000.0,95000.0,3000.0,40000.0,54000.0,10000.0,12500.0,47000.0,42000.0,17000.0,10000.0,50000.0,15000.0,10000.0,30000.0,20000.0,10000.0,10000.0,10000.0,20000.0,10000,60000.0,40000.0,30000.0,20000.0
2025-07-05,10800.0,26667.0,23333.0,46667.0,53333.0,17833.0,18667.0,17200.0,20000.0,15500.0,10500.0,27433.0,28333.0,130000.0,130000.0,130000.0,100000.0,25000.0,35000.0,95000.0,3000.0,40000.0,54000.0,10000.0,12500.0,47000.0,42000.0,17000.0,10000.0,50000.0,15000.0,10000.0,30000.0,20000.0,10000.0,10000.0,10000.0,20000.0,10000,60000.0,40000.0,30000.0,20000.0
2025-07-06,10800.0,26667.0,23333.0,46667.0,53333.0,17833.0,18667.0,17200.0,20000.0,15500.0,10500.0,27433.0,28333.0,130000.0,130000.0,130000.0,100000.0,25000.0,35000.0,95000.0,3000.0,40000.0,54000.0,10000.0,12500.0,47000.0,42000.0,17000.0,10000.0,50000.0,15000.0,10000.0,30000.0,20000.0,10000.0,10000.0,10000.0,20000.0,10000,60000.0,40000.0,30000.0,20000.0
2025-07-07,10800.0,35000.0,26333.0,58333.0,48333.0,17833.0,18667.0,17200.0,20000.0,15500.0,10500.0,27433.0,28333.0,130000.0,130000.0,130000.0,100000.0,25000.0,35000.0,95000.0,3000.0,40000.0,54000.0,10000.0,12500.0,47000.0,42000.0,17000.0,10000.0,50000.0,15000.0,10000.0,30000.0,20000.0,10000.0,10000.0,10000.0,20000.0,10000,60000.0,40000.0,30000.0,20000.0
2025-07-08,10800.0,30000.0,27333.0,60000.0,46667.0,17833.0,18667.0,17200.0,20000.0,15500.0,10500.0,28417.0,27200.0,130000.0,130000.0,130000.0,100000.0,25000.0,35000.0,95000.0,3000.0,40000.0,54000.0,10000.0,12500.0,47000.0,42000.0,17000.0,10000.0,50000.0,15000.0,10000.0,30000.0,20000.0,10000.0,10000.0,10000.0,20000.0,10000,60000.0,40000.0,30000.0,20000.0
2025-07-09,10800.0,30000.0,27333.0,60000.0,46667.0,17833.0,18667.0,17200.0,20000.0,15500.0,10500.0,28417.0,27200.0,130000.0,130000.0,130000.0,100000.0,25000.0,35000.0,95000.0,3000.0,40000.0,54000.0,10000.0,12500.0,47000.0,42000.0,17000.0,10000.0,50000.0,15000.0,10000.0,30000.0,20000.0,10000.0,10000.0,10000.0,20000.0,10000,60000.0,40000.0,30000.0,20000.0
2025-07-10,10800.0,31667.0,28000.0,60000.0,46667.0,17833.0,18667.0,17200.0,20000.0,15500.0,10500.0,28417.0,27200.0,130000.0,130000.0,130000.0,100000.0,25000.0,35000.0,95000.0,3000.0,40000.0,50667.0,10000.0,12500.0,47000.0,42000.0,17000.0,10000.0,50000.0,15000.0,10000.0,30000.0,20000.0,10000.0,10000.0,10000.0,20000.0,10000,60000.0,40000.0,30000.0,20000.0
2025-07-11,10800.0,31667.0,28000.0,60000.0,46667.0,17833.0,18667.0,17200.0,20000.0,15500.0,10500.0,28417.0,27200.0,130000.0,130000.0,130000.0,100000.0,25000.0,35000.0,95000.0,3000.0,40000.0,50667.0,10000.0,12500.0,47000.0,42000.0,17000.0,10000.0,50000.0,15000.0,10000.0,28700.0,20000.0,10000.0,10000.0,10000.0,20000.0,10000,60000.0,40000.0,30000.0,20000.0
2025-07-12,10800.0,31667.0,28000.0,60000.0,46667.0,17833.0,18667.0,17200.0,20000.0,15500.0,10500.0,28417.0,27200.0,130000.0,130000.0,130000.0,100000.0,25000.0,35000.0,95000.0,3000.0,40000.0,50667.0,10000.0,12500.0,47000.0,42000.0,17000.0,10000.0,50000.0,15000.0,10000.0,28700.0,20000.0,10000.0,10000.0,10000.0,20000.0,10000,60000.0,40000.0,30000.0,20000.0
2025-07-13,10800.0,31667.0,28000.0,60000.0,46667.0,17833.0,18667.0,17200.0,20000.0,15500.0,10500.0,28417.0,27200.0,130000.0,130000.0,130000.0,100000.0,25000.0,35000.0,95000.0,3000.0,40000.0,50667.0,10000.0,12500.0,47000.0,42000.0,17000.0,10000.0,50000.0,15000.0,10000.0,28700.0,20000.0,10000.0,10000.0,10000.0,20000.0,10000,60000.0,40000.0,30000.0,20000.0
2025-07-14,10800.0,40000.0,28667.0,56667.0,50000.0,17833.0,18667.0,17200.0,20000.0,15500.0,10500.0,27400.0,27200.0,130000.0,130000.0,130000.0,100000.0,25000.0,35000.0,95000.0,3000.0,39333.0,51667.0,10000.0,12500.0,47000.0,42000.0,17000.0,10000.0,50000.0,15000.0,10000.0,29300.0,20000.0,10000.0,10000.0,10000.0,20000.0,10000,55000.0,40000.0,30000.0,20000.0
2025-07-15,10800.0,41667.0,30333.0,56667.0,50000.0,17833.0,18667.0,17200.0,20000.0,15500.0,10500.0,27400.0,27200.0,130000.0,130000.0,130000.0,100000.0,25000.0,35000.0,95000.0,3000.0,39333.0,51667.0,10000.0,12500.0,47000.0,42000.0,17000.0,10000.0,50000.0,15000.0,10000.0,29300.0,20000.0,10000.0,10000.0,10000.0,20000.0,10000,55000.0,40000.0,30000.0,20000.0
2025-07-16,10800.0,41667.0,30333.0,56667.0,50000.0,17833.0,18667.0,17200.0,20000.0,15500.0,10500.0,27400.0,27200.0,130000.0,130000.0,130000.0,100000.0,25000.0,35000.0,95000.0,3000.0,39333.0,51667.0,10000.0,12500.0,47000.0,42000.0,17000.0,10000.0,50000.0,15000.0,10000.0,29300.0,20000.0,10000.0,10000.0,10000.0,20000.0,10000,55000.0,40000.0,30000.0,20000.0
2025-07-17,10800.0,45000.0,31667.0,56667.0,50000.0,17833.0,18667.0,17200.0,20000.0,15500.0,10500.0,27400.0,27200.0,130000.0,130000.0,130000.0,100000.0,25000.0,35000.0,95000.0,3000.0,39333.0,51667.0,10000.0,12500.0,47000.0,42000.0,17000.0,10000.0,50000.0,15000.0,10000.0,29300.0,20000.0,10000.0,10000.0,10000.0,20000.0,10000,55000.0,40000.0,30000.0,20000.0
2025-07-18,10800.0,45000.0,31667.0,56667.0,50000.0,17833.0,18667.0,17200.0,20000.0,15500.0,10500.0,25433.0,27200.0,130000.0,130000.0,130000.0,100000.0,25000.0,35000.0,95000.0,3000.0,39333.0,51667.0,10000.0,12500.0,47000.0,42000.0,17000.0,10000.0,50000.0,15000.0,10000.0,29300.0,20000.0,10000.0,10000.0,10000.0,20000.0,10000,50000.0,40000.0,30000.0,20000.0
2025-07-19,10800.0,45000.0,31667.0,56667.0,50000.0,17833.0,18667.0,17200.0,20000.0,15500.0,10500.0,25433.0,27200.0,130000.0,130000.0,130000.0,100000.0,25000.0,35000.0,95000.0,3000.0,39333.0,51667.0,10000.0,12500.0,47000.0,42000.0,17000.0,10000.0,50000.0,15000.0,10000.0,29300.0,20000.0,10000.0,10000.0,10000.0,20000.0,10000,50000.0,40000.0,30000.0,20000.0
2025-07-20,10800.0,45000.0,31667.0,56667.0,50000.0,17833.0,18667.0,17200.0,20000.0,15500.0,10500.0,25433.0,27200.0,130000.0,130000.0,130000.0,100000.0,25000.0,35000.0,95000.0,3000.0,39333.0,51667.0,10000.0,12500.0,47000.0,42000.0,17000.0,10000.0,50000.0,15000.0,10000.0,29300.0,20000.0,10000.0,10000.0,10000.0,20000.0,10000,50000.0,40000.0,30000.0,20000.0
2025-07-21,10800.0,46667.0,34000.0,53333.0,48333.0,17833.0,18667.0,17200.0,20000.0,15500.0,10500.0,25433.0,27200.0,130000.0,130000.0,130000.0,100000.0,25000.0,35000.0,95000.0,3000.0,40000.0,50000.0,10000.0,12500.0,47000.0,42000.0,17000.0,10000.0,50000.0,15000.0,10000.0,27000.0,20000.0,10000.0,10000.0,10000.0,20000.0,10000,50000.0,50000.0,30000.0,20000.0
2025-07-22,10800.0,46667.0,34000.0,53333.0,48333.0,17833.0,18667.0,17200.0,20000.0,15500.0,10500.0,27433.0,27200.0,130000.0,130000.0,130000.0,100000.0,25000.0,35000.0,95000.0,3000.0,40000.0,50000.0,10000.0,12500.0,47000.0,42000.0,17000.0,10000.0,50000.0,15000.0,10000.0,27000.0,20000.0,10000.0,10000.0,10000.0,20000.0,10000,50000.0,50000.0,30000.0,20000.0
2025-07-23,10800.0,46667.0,34000.0,53333.0,53333.0,17833.0,18667.0,17200.0,20000.0,15500.0,10500.0,27433.0,28900.0,130000.0,130000.0,130000.0,100000.0,25000.0,35000.0,95000.0,3000.0,40000.0,50000.0,10000.0,12500.0,47000.0,42000.0,17000.0,10000.0,50000.0,15000.0,10000.0,27000.0,20000.0,10000.0,10000.0,10000.0,20000.0,10000,50000.0,50000.0,30000.0,20000.0
2025-07-24,10800.0,46667.0,34000.0,53333.0,53333.0,17833.0,18667.0,17200.0,20000.0,15500.0,10500.0,27433.0,28900.0,130000.0,130000.0,130000.0,100000.0,25000.0,35000.0,95000.0,3000.0,40000.0,50000.0,10000.0,12500.0,47000.0,42000.0,17000.0,10000.0,50000.0,15000.0,10000.0,25700.0,20000.0,10000.0,10000.0,10000.0,20000.0,10000,50000.0,50000.0,30000.0,20000.0
2025-07-25,10800.0,46667.0,35667.0,53333.0,53333.0,17833.0,18667.0,17200.0,20000.0,15500.0,10500.0,27433.0,28900.0,130000.0,130000.0,130000.0,100000.0,25000.0,35000.0,95000.0,3000.0,40000.0,50000.0,10000.0,12500.0,47000.0,42000.0,17000.0,10000.0,50000.0,15000.0,10000.0,23000.0,20000.0,10000.0,10000.0,10000.0,20000.0,10000,50000.0,50000.0,30000.0,20000.0
2025-07-26,10800.0,46667.0,35667.0,53333.0,53333.0,17833.0,18667.0,17200.0,20000.0,15500.0,10500.0,27433.0,28900.0,130000.0,130000.0,130000.0,100000.0,25000.0,35000.0,95000.0,3000.0,40000.0,50000.0,10000.0,12500.0,47000.0,42000.0,17000.0,10000.0,50000.0,15000.0,10000.0,23000.0,20000.0,10000.0,10000.0,10000.0,20000.0,10000,50000.0,50000.0,30000.0,20000.0
2025-07-27,10800.0,46667.0,35667.0,53333.0,53333.0,17833.0,18667.0,17200.0,20000.0,15500.0,10500.0,27433.0,28900.0,130000.0,130000.0,130000.0,100000.0,25000.0,35000.0,95000.0,3000.0,40000.0,50000.0,10000.0,12500.0,47000.0,42000.0,17000.0,10000.0,50000.0,15000.0,10000.0,23000.0,20000.0,10000.0,10000.0,10000.0,20000.0,10000,50000.0,50000.0,30000.0,20000.0
2025-07-28,10800.0,40000.0,37000.0,40000.0,53333.0,17833.0,18667.0,17200.0,20000.0,15500.0,10500.0,27433.0,28900.0,130000.0,130000.0,130000.0,100000.0,25000.0,35000.0,95000.0,3000.0,40000.0,50000.0,10000.0,12500.0,47000.0,42000.0,17000.0,10000.0,50000.0,15000.0,10000.0,21700.0,20000.0,10000.0,10000.0,10000.0,20000.0,10000,50000.0,50000.0,30000.0,20000.0
2025-07-29,10800.0,40000.0,37667.0,38333.0,56667.0,17833.0,18667.0,17200.0,20000.0,15500.0,10500.0,27433.0,28900.0,130000.0,130000.0,130000.0,100000.0,25000.0,35000.0,95000.0,3000.0,40000.0,50000.0,10000.0,12500.0,47000.0,42000.0,17000.0,10000.0,50000.0,15000.0,10000.0,19700.0,20000.0,10000.0,10000.0,10000.0,20000.0,10000,50000.0,50000.0,30000.0,20000.0
2025-07-30,10800.0,38333.0,37667.0,43333.0,56667.0,17833.0,18667.0,17200.0,22000.0,15500.0,10500.0,27433.0,28900.0,130000.0,130000.0,130000.0,100000.0,30000.0,35000.0,95000.0,3000.0,40000.0,50000.0,10000.0,12500.0,47000.0,42000.0,15000.0,10000.0,50000.0,15000.0,12000.0,20000.0,20000.0,10000.0,10000.0,10000.0,15000.0,10000,50000.0,50000.0,30000.0,20000.0
2025-07-31,10800.0,38333.0,37667.0,43333.0,56667.0,17833.0,18667.0,17200.0,22000.0,15500.0,10500.0,27433.0,28900.0,130000.0,130000.0,130000.0,100000.0,30000.0,35000.0,95000.0,3000.0,40000.0,50000.0,10000.0,12500.0,47000.0,42000.0,15000.0,10000.0,50000.0,15000.0,12000.0,21300.0,20000.0,10000.0,10000.0,10000.0,15000.0,10000,50000.0,50000.0,30000.0,20000.0
2025-08-01,10800.0,31667.0,37667.0,36667.0,56667.0,17833.0,18667.0,17200.0,22000.0,15500.0,10500.0,27433.0,28900.0,130000.0,130000.0,130000.0,100000.0,30000.0,35000.0,95000.0,3000.0,40000.0,50000.0,10000.0,12500.0,47000.0,42000.0,15000.0,10000.0,50000.0,15000.0,12000.0,21300.0,20000.0,10000.0,10000.0,10000.0,15000.0,10000,50000.0,50000.0,30000.0,20000.0
2025-08-02,10800.0,31667.0,37667.0,36667.0,56667.0,17833.0,18667.0,17200.0,22000.0,15500.0,10500.0,27433.0,28900.0,130000.0,130000.0,130000.0,100000.0,30000.0,35000.0,95000.0,3000.0,40000.0,50000.0,10000.0,12500.0,47000.0,42000.0,15000.0,10000.0,50000.0,15000.0,12000.0,21300.0,20000.0,10000.0,10000.0,10000.0,15000.0,10000,50000.0,50000.0,30000.0,20000.0
2025-08-03,10800.0,31667.0,37667.0,36667.0,56667.0,17833.0,18667.0,17200.0,22000.0,15500.0,10500.0,27433.0,28900.0,130000.0,130000.0,130000.0,100000.0,30000.0,35000.0,95000.0,3000.0,40000.0,50000.0,10000.0,12500.0,47000.0,42000.0,15000.0,10000.0,50000.0,15000.0,12000.0,21300.0,20000.0,10000.0,10000.0,10000.0,15000.0,10000,50000.0,50000.0,30000.0,20000.0
2025-08-04,10800.0,28333.0,37000.0,38333.0,56667.0,17833.0,18667.0,17200.0,22000.0,15500.0,10500.0,27433.0,28900.0,130000.0,130000.0,130000.0,100000.0,30000.0,35000.0,95000.0,3000.0,40000.0,50000.0,10000.0,12500.0,47000.0,42000.0,15000.0,10000.0,50000.0,15000.0,12000.0,19300.0,20000.0,10000.0,10000.0,10000.0,15000.0,10000,50000.0,50000.0,30000.0,20000.0
2025-08-05,10800.0,28333.0,37000.0,38333.0,56667.0,17833.0,18667.0,17200.0,22000.0,15500.0,10500.0,27433.0,28900.0,130000.0,130000.0,130000.0,100000.0,30000.0,35000.0,95000.0,3000.0,40000.0,50000.0,10000.0,12500.0,47000.0,42000.0,15000.0,10000.0,50000.0,15000.0,12000.0,19300.0,20000.0,10000.0,10000.0,10000.0,15000.0,10000,50000.0,50000.0,30000.0,20000.0
2025-08-06,10800.0,26667.0,37000.0,38333.0,56667.0,17833.0,18667.0,17200.0,22000.0,15500.0,10500.0,26433.0,28900.0,130000.0,130000.0,130000.0,100000.0,30000.0,35000.0,95000.0,3000.0,40000.0,48333.0,10000.0,12500.0,47000.0,42000.0,15000.0,10000.0,50000.0,15000.0,12000.0,19300.0,20000.0,10000.0,10000.0,10000.0,15000.0,10000,50000.0,50000.0,30000.0,20000.0
2025-08-07,10800.0,26667.0,36333.0,38333.0,56667.0,17833.0,18667.0,17200.0,22000.0,15500.0,10500.0,26433.0,28900.0,130000.0,130000.0,130000.0,100000.0,30000.0,35000.0,95000.0,3000.0,40000.0,48333.0,10000.0,12500.0,47000.0,42000.0,15000.0,10000.0,50000.0,15000.0,12000.0,19300.0,20000.0,10000.0,10000.0,10000.0,15000.0,10000,50000.0,50000.0,30000.0,20000.0
2025-08-08,10800.0,26667.0,34667.0,38333.0,53333.0,17833.0,18667.0,17200.0,22000.0,15500.0,10500.0,26433.0,28900.0,130000.0,130000.0,130000.0,100000.0,30000.0,35000.0,95000.0,3000.0,40000.0,48333.0,10000.0,12500.0,47000.0,42000.0,15000.0,10000.0,50000.0,15000.0,12000.0,19300.0,20000.0,10000.0,10000.0,10000.0,20000.0,10000,47500.0,50000.0,30000.0,20000.0
2025-08-09,10800.0,26667.0,34667.0,38333.0,53333.0,17833.0,18667.0,17200.0,22000.0,15500.0,10500.0,26433.0,28900.0,130000.0,130000.0,130000.0,100000.0,30000.0,35000.0,95000.0,3000.0,40000.0,48333.0,10000.0,12500.0,47000.0,42000.0,15000.0,10000.0,50000.0,15000.0,12000.0,19300.0,20000.0,10000.0,10000.0,10000.0,20000.0,10000,47500.0,50000.0,30000.0,20000.0
2025-08-10,10800.0,26667.0,34667.0,38333.0,53333.0,17833.0,18667.0,17200.0,22000.0,15500.0,10500.0,26433.0,28900.0,130000.0,130000.0,130000.0,100000.0,30000.0,35000.0,95000.0,3000.0,40000.0,48333.0,10000.0,12500.0,47000.0,42000.0,15000.0,10000.0,50000.0,15000.0,12000.0,19300.0,20000.0,10000.0,10000.0,10000.0,20000.0,10000,47500.0,50000.0,30000.0,20000.0
2025-08-11,10800.0,33333.0,30000.0,35000.0,60000.0,17833.0,18667.0,17200.0,22000.0,15500.0,10500.0,26433.0,28900.0,130000.0,130000.0,130000.0,100000.0,30000.0,35000.0,95000.0,3000.0,40000.0,48333.0,10000.0,12500.0,47000.0,42000.0,15000.0,10000.0,50000.0,15000.0,12000.0,18700.0,20000.0,10000.0,10000.0,10000.0,20000.0,10000,57500.0,50000.0,30000.0,20000.0
2025-08-12,10800.0,30000.0,30000.0,36667.0,60000.0,17833.0,18667.0,17200.0,22000.0,15500.0,10500.0,26433.0,28900.0,130000.0,130000.0,130000.0,100000.0,30000.0,35000.0,95000.0,3000.0,40000.0,48333.0,10000.0,12500.0,47000.0,42000.0,15000.0,10000.0,50000.0,15000.0,12000.0,17000.0,20000.0,10000.0,10000.0,10000.0,20000.0,10000,57500.0,50000.0,30000.0,20000.0
2025-08-13,10800.0,30000.0,30000.0,36667.0,60000.0,17833.0,18667.0,17200.0,22000.0,15500.0,10500.0,26433.0,28900.0,130000.0,130000.0,130000.0,100000.0,30000.0,35000.0,95000.0,3000.0,40000.0,48333.0,10000.0,12500.0,47000.0,42000.0,15000.0,10000.0,50000.0,15000.0,12000.0,15300.0,20000.0,10000.0,10000.0,10000.0,20000.0,10000,57500.0,50000.0,30000.0,20000.0
2025-08-14,10800.0,30000.0,30000.0,36667.0,60000.0,17833.0,18667.0,17200.0,22000.0,15500.0,10500.0,26433.0,28900.0,130000.0,130000.0,130000.0,100000.0,30000.0,35000.0,95000.0,3000.0,40000.0,48333.0,10000.0,12500.0,47000.0,42000.0,15000.0,10000.0,50000.0,15000.0,12000.0,15300.0,20000.0,10000.0,10000.0,10000.0,25000.0,10000,57500.0,50000.0,30000.0,20000.0
2025-08-15,10800.0,30000.0,30000.0,36667.0,60000.0,17833.0,18667.0,17200.0,22000.0,15500.0,10500.0,26433.0,28900.0,130000.0,130000.0,130000.0,100000.0,30000.0,35000.0,95000.0,3000.0,40000.0,48333.0,10000.0,12500.0,47000.0,42000.0,15000.0,10000.0,50000.0,15000.0,12000.0,15300.0,20000.0,10000.0,10000.0,10000.0,25000.0,10000,57500.0,50000.0,30000.0,20000.0
2025-08-16,10800.0,30000.0,30000.0,36667.0,60000.0,17833.0,18667.0,17200.0,22000.0,15500.0,10500.0,26433.0,28900.0,130000.0,130000.0,130000.0,100000.0,30000.0,35000.0,95000.0,3000.0,40000.0,48333.0,10000.0,12500.0,47000.0,42000.0,15000.0,10000.0,50000.0,15000.0,12000.0,15300.0,20000.0,10000.0,10000.0,10000.0,25000.0,10000,57500.0,50000.0,30000.0,20000.0
2025-08-17,10800.0,30000.0,30000.0,36667.0,60000.0,17833.0,18667.0,17200.0,22000.0,15500.0,10500.0,26433.0,28900.0,130000.0,130000.0,130000.0,100000.0,30000.0,35000.0,95000.0,3000.0,40000.0,48333.0,10000.0,12500.0,47000.0,42000.0,15000.0,10000.0,50000.0,15000.0,12000.0,15300.0,20000.0,10000.0,10000.0,10000.0,25000.0,10000,57500.0,50000.0,30000.0,20000.0
2025-08-18,10800.0,30000.0,30000.0,36667.0,60000.0,17833.0,18667.0,17200.0,22000.0,15500.0,10500.0,26433.0,28900.0,130000.0,130000.0,130000.0,100000.0,30000.0,35000.0,95000.0,3000.0,40000.0,48333.0,10000.0,12500.0,47000.0,42000.0,15000.0,10000.0,50000.0,15000.0,12000.0,15300.0,20000.0,10000.0,10000.0,10000.0,25000.0,10000,57500.0,50000.0,30000.0,20000.0
2025-08-19,10800.0,31667.0,31667.0,38333.0,55000.0,17833.0,18667.0,17200.0,22000.0,15500.0,10500.0,26433.0,28900.0,130000.0,130000.0,130000.0,100000.0,30000.0,35000.0,95000.0,3000.0,40000.0,45000.0,10000.0,12500.0,47000.0,42000.0,15000.0,10000.0,50000.0,15000.0,12000.0,15000.0,20000.0,10000.0,10000.0,10000.0,25000.0,10000,57500.0,50000.0,30000.0,20000.0
2025-08-20,10800.0,31667.0,31667.0,38333.0,55000.0,17833.0,18667.0,17200.0,22000.0,15500.0,10500.0,27933.0,28900.0,130000.0,130000.0,130000.0,100000.0,30000.0,35000.0,95000.0,3000.0,40000.0,45000.0,10000.0,12500.0,47000.0,42000.0,15000.0,10000.0,50000.0,15000.0,12000.0,15000.0,20000.0,10000.0,10000.0,10000.0,25000.0,10000,57500.0,50000.0,30000.0,20000.0
2025-08-21,10800.0,31667.0,31667.0,35000.0,55000.0,17833.0,18667.0,17200.0,22000.0,15500.0,10500.0,27933.0,28900.0,130000.0,130000.0,130000.0,100000.0,30000.0,35000.0,95000.0,3000.0,40000.0,45000.0,10000.0,12500.0,47000.0,42000.0,15000.0,10000.0,50000.0,15000.0,12000.0,15000.0,20000.0,10000.0,10000.0,10000.0,25000.0,10000,57500.0,50000.0,30000.0,20000.0
2025-08-22,10800.0,31667.0,31667.0,35000.0,55000.0,17833.0,18667.0,17200.0,22000.0,15500.0,10500.0,27933.0,28900.0,130000.0,130000.0,130000.0,100000.0,30000.0,35000.0,95000.0,3000.0,40000.0,45000.0,10000.0,12500.0,47000.0,42000.0,15000.0,10000.0,50000.0,15000.0,12000.0,14700.0,20000.0,10000.0,10000.0,10000.0,25000.0,10000,57500.0,50000.0,30000.0,20000.0
2025-08-23,10800.0,31667.0,31667.0,35000.0,55000.0,17833.0,18667.0,17200.0,22000.0,15500.0,10500.0,27933.0,28900.0,130000.0,130000.0,130000.0,100000.0,30000.0,35000.0,95000.0,3000.0,40000.0,45000.0,10000.0,12500.0,47000.0,42000.0,15000.0,10000.0,50000.0,15000.0,12000.0,14700.0,20000.0,10000.0,10000.0,10000.0,25000.0,10000,57500.0,50000.0,30000.0,20000.0
2025-08-24,10800.0,31667.0,31667.0,35000.0,55000.0,17833.0,18667.0,17200.0,22000.0,15500.0,10500.0,27933.0,28900.0,130000.0,130000.0,130000.0,100000.0,30000.0,35000.0,95000.0,3000.0,40000.0,45000.0,10000.0,12500.0,47000.0,42000.0,15000.0,10000.0,50000.0,15000.0,12000.0,14700.0,20000.0,10000.0,10000.0,10000.0,25000.0,10000,57500.0,50000.0,30000.0,20000.0
2025-08-25,10800.0,35000.0,31667.0,35000.0,60000.0,17833.0,18667.0,17200.0,22000.0,15500.0,10500.0,28400.0,28900.0,130000.0,130000.0,130000.0,100000.0,30000.0,35000.0,95000.0,3000.0,40000.0,41667.0,10000.0,12500.0,47000.0,42000.0,15000.0,10000.0,50000.0,15000.0,12000.0,13000.0,20000.0,10000.0,10000.0,10000.0,25000.0,10000,55000.0,50000.0,30000.0,20000.0
2025-08-26,10800.0,35000.0,31667.0,35000.0,60000.0,17833.0,18667.0,17200.0,22000.0,15500.0,10500.0,28400.0,28900.0,130000.0,130000.0,130000.0,100000.0,30000.0,35000.0,95000.0,3000.0,40000.0,41667.0,10000.0,12500.0,47000.0,42000.0,15000.0,10000.0,50000.0,15000.0,12000.0,13000.0,20000.0,10000.0,10000.0,10000.0,25000.0,10000,55000.0,50000.0,30000.0,20000.0
2025-08-27,10800.0,35000.0,30000.0,30000.0,60000.0,17833.0,18667.0,17200.0,22000.0,15500.0,10500.0,28400.0,28900.0,130000.0,130000.0,130000.0,100000.0,30000.0,35000.0,95000.0,3000.0,40000.0,41667.0,10000.0,12500.0,47000.0,42000.0,15000.0,10000.0,50000.0,15000.0,12000.0,13000.0,20000.0,10000.0,10000.0,10000.0,25000.0,10000,55000.0,50000.0,30000.0,20000.0
2025-08-28,10800.0,33333.0,30000.0,30000.0,60000.0,17833.0,18667.0,17200.0,22000.0,15500.0,10500.0,28400.0,28900.0,130000.0,130000.0,130000.0,100000.0,30000.0,35000.0,95000.0,3000.0,40000.0,41667.0,10000.0,12500.0,47000.0,42000.0,15000.0,10000.0,50000.0,15000.0,12000.0,14000.0,20000.0,10000.0,10000.0,10000.0,25000.0,10000,55000.0,50000.0,30000.0,20000.0
2025-08-29,10800.0,33333.0,30000.0,30000.0,60000.0,17833.0,18667.0,17200.0,22000.0,15500.0,10500.0,28400.0,28900.0,130000.0,130000.0,130000.0,100000.0,30000.0,35000.0,95000.0,3000.0,40000.0,41667.0,10000.0,12500.0,47000.0,42000.0,15000.0,10000.0,50000.0,15000.0,12000.0,14000.0,20000.0,10000.0,10000.0,10000.0,25000.0,10000,55000.0,50000.0,30000.0,20000.0
2025-08-30,10800.0,33333.0,30000.0,30000.0,60000.0,17833.0,18667.0,17200.0,22000.0,15500.0,10500.0,28400.0,28900.0,130000.0,130000.0,130000.0,100000.0,30000.0,35000.0,95000.0,3000.0,40000.0,41667.0,10000.0,12500.0,47000.0,42000.0,15000.0,10000.0,50000.0,15000.0,12000.0,14000.0,20000.0,10000.0,10000.0,10000.0,25000.0,10000,55000.0,50000.0,30000.0,20000.0
2025-08-31,10800.0,33333.0,30000.0,30000.0,60000.0,17833.0,18667.0,17200.0,22000.0,15500.0,10500.0,28400.0,28900.0,130000.0,130000.0,130000.0,100000.0,30000.0,35000.0,95000.0,3000.0,40000.0,41667.0,10000.0,12500.0,47000.0,42000.0,15000.0,10000.0,50000.0,15000.0,12000.0,14000.0,20000.0,10000.0,10000.0,10000.0,25000.0,10000,55000.0,50000.0,30000.0,20000.0
2025-09-01,10800.0,33333.0,32333.0,30000.0,50000.0,17833.0,18667.0,17200.0,22000.0,15500.0,10500.0,28400.0,28900.0,130000.0,130000.0,130000.0,100000.0,30000.0,35000.0,95000.0,3000.0,40000.0,40000.0,10000.0,12500.0,47000.0,42000.0,15000.0,10000.0,50000.0,15000.0,12000.0,10000.0,20000.0,10000.0,10000.0,10000.0,25000.0,10000,55000.0,50000.0,30000.0,20000.0
2025-09-02,10800.0,33333.0,32333.0,30000.0,50000.0,17833.0,18667.0,17200.0,22000.0,15500.0,10500.0,27900.0,28900.0,130000.0,130000.0,130000.0,100000.0,30000.0,35000.0,95000.0,3000.0,40000.0,40000.0,10000.0,12500.0,47000.0,42000.0,15000.0,10000.0,50000.0,15000.0,12000.0,10000.0,20000.0,10000.0,10000.0,10000.0,25000.0,10000,55000.0,50000.0,30000.0,20000.0
2025-09-03,10800.0,35000.0,32333.0,30000.0,45000.0,17833.0,18667.0,17550.0,22000.0,15500.0,10500.0,27900.0,28900.0,130000.0,130000.0,130000.0,100000.0,30000.0,35000.0,95000.0,3000.0,40000.0,40000.0,10000.0,12500.0,47000.0,42000.0,15000.0,10000.0,50000.0,15000.0,12000.0,11300.0,20000.0,10000.0,10000.0,10000.0,25000.0,10000,55000.0,50000.0,30000.0,20000.0
2025-09-04,10800.0,35000.0,32333.0,30000.0,45000.0,17833.0,18667.0,17550.0,22000.0,15500.0,10500.0,27900.0,28900.0,130000.0,130000.0,130000.0,100000.0,30000.0,35000.0,95000.0,3000.0,40000.0,40000.0,10000.0,12500.0,47000.0,42000.0,15000.0,10000.0,50000.0,15000.0,12000.0,11300.0,20000.0,10000.0,10000.0,10000.0,25000.0,10000,55000.0,50000.0,30000.0,20000.0
2025-09-05,10800.0,35000.0,32333.0,30000.0,45000.0,17833.0,18667.0,17550.0,22000.0,15500.0,10500.0,27900.0,28900.0,130000.0,130000.0,130000.0,100000.0,30000.0,35000.0,95000.0,3000.0,40000.0,40000.0,10000.0,12500.0,47000.0,42000.0,15000.0,10000.0,50000.0,15000.0,12000.0,11300.0,20000.0,10000.0,10000.0,10000.0,25000.0,10000,55000.0,50000.0,30000.0,20000.0
2025-09-06,10800.0,35000.0,32333.0,30000.0,45000.0,17833.0,18667.0,17550.0,22000.0,15500.0,10500.0,27900.0,28900.0,130000.0,130000.0,130000.0,100000.0,30000.0,35000.0,95000.0,3000.0,40000.0,40000.0,10000.0,12500.0,47000.0,42000.0,15000.0,10000.0,50000.0,15000.0,12000.0,11300.0,20000.0,10000.0,10000.0,10000.0,25000.0,10000,55000.0,50000.0,30000.0,20000.0
2025-09-07,10800.0,35000.0,32333.0,30000.0,45000.0,17833.0,18667.0,17550.0,22000.0,15500.0,10500.0,27900.0,28900.0,130000.0,130000.0,130000.0,100000.0,30000.0,35000.0,95000.0,3000.0,40000.0,40000.0,10000.0,12500.0,47000.0,42000.0,15000.0,10000.0,50000.0,15000.0,12000.0,11300.0,20000.0,10000.0,10000.0,10000.0,25000.0,10000,55000.0,50000.0,30000.0,20000.0
2025-09-08,10800.0,34333.0,39333.0,35000.0,45000.0,17833.0,18667.0,17550.0,22000.0,15500.0,10500.0,27400.0,30033.0,130000.0,130000.0,130000.0,100000.0,30000.0,35000.0,95000.0,3000.0,40000.0,40000.0,10000.0,12500.0,47000.0,42000.0,15000.0,10000.0,50000.0,15000.0,12000.0,11300.0,20000.0,10000.0,10000.0,10000.0,25000.0,10000,57500.0,50000.0,30000.0,20000.0
2025-09-09,10800.0,37667.0,39333.0,35000.0,45000.0,17833.0,18667.0,17550.0,22000.0,15500.0,10500.0,27400.0,30033.0,130000.0,130000.0,130000.0,100000.0,30000.0,35000.0,95000.0,3000.0,40000.0,40000.0,10000.0,12500.0,47000.0,42000.0,15000.0,10000.0,50000.0,15000.0,12000.0,11300.0,20000.0,10000.0,10000.0,10000.0,25000.0,10000,57500.0,50000.0,30000.0,20000.0
2025-09-10,10800.0,37667.0,39333.0,35000.0,45000.0,17833.0,18667.0,17550.0,22000.0,15500.0,10500.0,27400.0,30033.0,130000.0,130000.0,130000.0,100000.0,30000.0,35000.0,95000.0,3000.0,40000.0,40000.0,10000.0,12500.0,47000.0,42000.0,15000.0,10000.0,50000.0,15000.0,12000.0,10600.0,20000.0,10000.0,10000.0,10000.0,25000.0,10000,57500.0,50000.0,30000.0,20000.0
2025-09-11,10800.0,37667.0,39333.0,35000.0,45000.0,17833.0,18667.0,17550.0,22000.0,15500.0,10500.0,27400.0,30033.0,130000.0,130000.0,130000.0,100000.0,30000.0,35000.0,95000.0,3000.0,40000.0,40000.0,10000.0,12500.0,47000.0,42000.0,15000.0,10000.0,50000.0,15000.0,12000.0,10600.0,20000.0,10000.0,10000.0,10000.0,25000.0,10000,57500.0,50000.0,30000.0,20000.0
2025-09-12,10800.0,37667.0,36667.0,35000.0,45000.0,17833.0,18667.0,17550.0,22000.0,15500.0,10500.0,27400.0,30033.0,130000.0,130000.0,130000.0,100000.0,30000.0,35000.0,95000.0,3000.0,40000.0,40000.0,10000.0,12500.0,47000.0,42000.0,15000.0,10000.0,50000.0,15000.0,12000.0,12300.0,20000.0,10000.0,10000.0,10000.0,25000.0,10000,57500.0,50000.0,30000.0,20000.0
2025-09-13,10800.0,37667.0,36667.0,35000.0,45000.0,17833.0,18667.0,17550.0,22000.0,15500.0,10500.0,27400.0,30033.0,130000.0,130000.0,130000.0,100000.0,30000.0,35000.0,95000.0,3000.0,40000.0,40000.0,10000.0,12500.0,47000.0,42000.0,15000.0,10000.0,50000.0,15000.0,12000.0,12300.0,20000.0,10000.0,10000.0,10000.0,25000.0,10000,57500.0,50000.0,30000.0,20000.0
2025-09-14,10800.0,37667.0,36667.0,35000.0,45000.0,17833.0,18667.0,17550.0,22000.0,15500.0,10500.0,27400.0,30033.0,130000.0,130000.0,130000.0,100000.0,30000.0,35000.0,95000.0,3000.0,40000.0,40000.0,10000.0,12500.0,47000.0,42000.0,15000.0,10000.0,50000.0,15000.0,12000.0,12300.0,20000.0,10000.0,10000.0,10000.0,25000.0,10000,57500.0,50000.0,30000.0,20000.0
2025-09-15,10800.0,36667.0,35667.0,40000.0,40000.0,17833.0,18667.0,17550.0,22000.0,15500.0,10500.0,27400.0,31167.0,130000.0,130000.0,130000.0,100000.0,30000.0,35000.0,95000.0,3000.0,40000.0,40000.0,10000.0,12500.0,47000.0,42000.0,15000.0,10000.0,50000.0,15000.0,12000.0,14700.0,20000.0,10000.0,10000.0,10000.0,25000.0,10000,57500.0,50000.0,30000.0,20000.0
2025-09-16,10800.0,36667.0,35667.0,40000.0,40000.0,17833.0,18667.0,17550.0,22000.0,15500.0,10500.0,27400.0,31167.0,130000.0,130000.0,130000.0,100000.0,30000.0,35000.0,95000.0,3000.0,40000.0,40000.0,10000.0,12500.0,47000.0,42000.0,15000.0,10000.0,50000.0,15000.0,12000.0,14700.0,20000.0,10000.0,10000.0,10000.0,25000.0,10000,57500.0,50000.0,30000.0,20000.0
2025-09-17,10800.0,36667.0,35000.0,40000.0,40000.0,17833.0,18667.0,17550.0,22000.0,15500.0,10500.0,31350.0,31167.0,130000.0,130000.0,130000.0,100000.0,30000.0,35000.0,95000.0,3000.0,40000.0,40000.0,10000.0,12500.0,47000.0,42000.0,15000.0,10000.0,50000.0,15000.0,12000.0,14700.0,20000.0,10000.0,10000.0,10000.0,25000.0,10000,57500.0,50000.0,30000.0,20000.0
2025-09-18,10800.0,36667.0,35000.0,40000.0,40000.0,17833.0,18667.0,17550.0,22000.0,15500.0,10500.0,31350.0,31167.0,130000.0,130000.0,130000.0,100000.0,30000.0,35000.0,95000.0,3000.0,40000.0,40000.0,10000.0,12500.0,47000.0,42000.0,15000.0,10000.0,50000.0,15000.0,12000.0,14700.0,20000.0,10000.0,10000.0,10000.0,25000.0,10000,57500.0,50000.0,30000.0,20000.0
2025-09-19,10800.0,36667.0,35000.0,40000.0,40000.0,17333.0,18667.0,17550.0,22000.0,15500.0,10500.0,31350.0,31167.0,130000.0,130000.0,130000.0,100000.0,30000.0,35000.0,95000.0,3000.0,40000.0,40000.0,10000.0,12500.0,47000.0,42000.0,15000.0,10000.0,50000.0,15000.0,12000.0,14700.0,20000.0,10000.0,10000.0,10000.0,25000.0,10000,57500.0,50000.0,30000.0,20000.0
2025-09-20,10800.0,36667.0,35000.0,40000.0,40000.0,17333.0,18667.0,17550.0,22000.0,15500.0,10500.0,31350.0,31167.0,130000.0,130000.0,130000.0,100000.0,30000.0,35000.0,95000.0,3000.0,40000.0,40000.0,10000.0,12500.0,47000.0,42000.0,15000.0,10000.0,50000.0,15000.0,12000.0,14700.0,20000.0,10000.0,10000.0,10000.0,25000.0,10000,57500.0,50000.0,30000.0,20000.0
2025-09-21,10800.0,36667.0,35000.0,40000.0,40000.0,17333.0,18667.0,17550.0,22000.0,15500.0,10500.0,31350.0,31167.0,130000.0,130000.0,130000.0,100000.0,30000.0,35000.0,95000.0,3000.0,40000.0,40000.0,10000.0,12500.0,47000.0,42000.0,15000.0,10000.0,50000.0,15000.0,12000.0,14700.0,20000.0,10000.0,10000.0,10000.0,25000.0,10000,57500.0,50000.0,30000.0,20000.0
2025-09-22,10800.0,35000.0,28333.0,36667.0,46667.0,17333.0,18667.0,17550.0,22000.0,15500.0,10500.0,32300.0,31167.0,130000.0,130000.0,130000.0,100000.0,30000.0,35000.0,95000.0,3000.0,40000.0,40000.0,10000.0,12500.0,47000.0,42000.0,15000.0,10000.0,50000.0,15000.0,12000.0,13000.0,20000.0,15000.0,10000.0,10000.0,25000.0,10000,55000.0,50000.0,30000.0,20000.0
2025-09-23,10800.0,36667.0,31667.0,36667.0,46667.0,17333.0,18667.0,17550.0,22000.0,15500.0,10500.0,32300.0,31167.0,130000.0,130000.0,130000.0,100000.0,30000.0,35000.0,95000.0,3000.0,40000.0,40000.0,10000.0,12500.0,47000.0,42000.0,15000.0,10000.0,50000.0,15000.0,12000.0,13000.0,20000.0,15000.0,10000.0,10000.0,25000.0,10000,55000.0,50000.0,30000.0,20000.0
2025-09-24,10800.0,36667.0,31667.0,36667.0,46667.0,17333.0,18667.0,17550.0,22000.0,15500.0,10500.0,32300.0,31167.0,130000.0,130000.0,130000.0,100000.0,30000.0,35000.0,95000.0,3000.0,40000.0,40000.0,10000.0,12500.0,47000.0,42000.0,15000.0,10000.0,50000.0,15000.0,12000.0,13000.0,20000.0,15000.0,10000.0,5000.0,25000.0,10000,55000.0,50000.0,30000.0,20000.0
2025-09-25,10800.0,36667.0,31667.0,36667.0,46667.0,17333.0,18667.0,17550.0,22000.0,15500.0,10500.0,32300.0,31167.0,130000.0,130000.0,130000.0,100000.0,30000.0,35000.0,95000.0,3000.0,40000.0,40000.0,10000.0,12500.0,47000.0,42000.0,15000.0,10000.0,50000.0,15000.0,12000.0,13000.0,20000.0,15000.0,10000.0,5000.0,25000.0,10000,55000.0,50000.0,30000.0,20000.0
2025-09-26,10800.0,36667.0,33333.0,38333.0,46667.0,17333.0,18667.0,17550.0,22000.0,15500.0,10500.0,32300.0,31167.0,130000.0,130000.0,130000.0,100000.0,30000.0,35000.0,95000.0,3000.0,40000.0,40000.0,10000.0,12500.0,47000.0,42000.0,15000.0,10000.0,50000.0,15000.0,12000.0,11300.0,20000.0,15000.0,10000.0,5000.0,25000.0,10000,55000.0,50000.0,30000.0,20000.0
2025-09-27,10800.0,36667.0,33333.0,38333.0,46667.0,17333.0,18667.0,17550.0,22000.0,15500.0,10500.0,32300.0,31167.0,130000.0,130000.0,130000.0,100000.0,30000.0,35000.0,95000.0,3000.0,40000.0,40000.0,10000.0,12500.0,47000.0,42000.0,15000.0,10000.0,50000.0,15000.0,12000.0,11300.0,20000.0,15000.0,10000.0,5000.0,25000.0,10000,55000.0,50000.0,30000.0,20000.0
2025-09-28,10800.0,36667.0,33333.0,38333.0,46667.0,17333.0,18667.0,17550.0,22000.0,15500.0,10500.0,32300.0,31167.0,130000.0,130000.0,130000.0,100000.0,30000.0,35000.0,95000.0,3000.0,40000.0,40000.0,10000.0,12500.0,47000.0,42000.0,15000.0,10000.0,50000.0,15000.0,12000.0,11300.0,20000.0,15000.0,10000.0,5000.0,25000.0,10000,55000.0,50000.0,30000.0,20000.0
2025-09-29,10800.0,36667.0,37667.0,35000.0,40000.0,17333.0,18667.0,17550.0,22000.0,15500.0,10500.0,31383.0,31167.0,130000.0,130000.0,130000.0,100000.0,30000.0,35000.0,95000.0,3000.0,40000.0,40000.0,10000.0,12500.0,47000.0,42000.0,15000.0,10000.0,50000.0,15000.0,12000.0,10000.0,20000.0,15000.0,10000.0,5000.0,25000.0,10000,55000.0,50000.0,30000.0,20000.0
2025-09-30,10800.0,36667.0,37667.0,35000.0,40000.0,17333.0,18667.0,17550.0,22000.0,15500.0,10500.0,31383.0,31167.0,130000.0,130000.0,130000.0,100000.0,30000.0,35000.0,95000.0,3000.0,40000.0,40000.0,10000.0,12500.0,47000.0,42000.0,15000.0,10000.0,50000.0,15000.0,12000.0,10000.0,20000.0,15000.0,10000.0,5000.0,25000.0,10000,55000.0,50000.0,30000.0,20000.0
2025-10-01,10800.0,36667.0,37667.0,35000.0,40000.0,17333.0,18667.0,17550.0,22000.0,15500.0,10500.0,31383.0,31167.0,130000.0,130000.0,130000.0,100000.0,30000.0,35000.0,95000.0,3000.0,40000.0,40000.0,10000.0,12500.0,47000.0,42000.0,15000.0,10000.0,50000.0,15000.0,12000.0,10000.0,19300.0,15000.0,10000.0,5000.0,25000.0,10000,55000.0,50000.0,30000.0,20000.0
2025-10-02,10800.0,36667.0,37667.0,35000.0,40000.0,17333.0,18667.0,17550.0,22000.0,15500.0,10500.0,31383.0,31167.0,130000.0,130000.0,130000.0,100000.0,30000.0,35000.0,95000.0,3000.0,40000.0,40000.0,10000.0,12500.0,47000.0,42000.0,15000.0,10000.0,50000.0,15000.0,12000.0,10000.0,19300.0,15000.0,10000.0,5000.0,25000.0,10000,55000.0,50000.0,30000.0,20000.0
2025-10-03,10800.0,36667.0,37667.0,35000.0,40000.0,17333.0,18667.0,17550.0,22000.0,15700.0,10500.0,31850.0,31167.0,130000.0,130000.0,130000.0,100000.0,30000.0,35000.0,95000.0,3000.0,40000.0,40000.0,10000.0,12500.0,47000.0,42000.0,15000.0,10000.0,50000.0,15000.0,12000.0,10000.0,19300.0,15000.0,10000.0,5000.0,25000.0,10000,55000.0,50000.0,30000.0,20000.0
2025-10-04,10800.0,36667.0,37667.0,35000.0,40000.0,17333.0,18667.0,17550.0,22000.0,15700.0,10500.0,31850.0,31167.0,130000.0,130000.0,130000.0,100000.0,30000.0,35000.0,95000.0,3000.0,40000.0,40000.0,10000.0,12500.0,47000.0,42000.0,15000.0,10000.0,50000.0,15000.0,12000.0,10000.0,19300.0,15000.0,10000.0,5000.0,25000.0,10000,55000.0,50000.0,30000.0,20000.0
2025-10-05,10800.0,36667.0,37667.0,35000.0,40000.0,17333.0,18667.0,17550.0,22000.0,15700.0,10500.0,31850.0,31167.0,130000.0,130000.0,130000.0,100000.0,30000.0,35000.0,95000.0,3000.0,40000.0,40000.0,10000.0,12500.0,47000.0,42000.0,15000.0,10000.0,50000.0,15000.0,12000.0,10000.0,19300.0,15000.0,10000.0,5000.0,25000.0,10000,55000.0,50000.0,30000.0,20000.0
2025-10-06,10800.0,36667.0,36667.0,36667.0,41667.0,17333.0,18667.0,17550.0,22000.0,15700.0,10500.0,31850.0,31167.0,130000.0,130000.0,130000.0,100000.0,30000.0,35000.0,95000.0,3000.0,40000.0,40000.0,10000.0,12500.0,47000.0,42000.0,15000.0,10000.0,50000.0,15000.0,12000.0,11300.0,19300.0,15000.0,10000.0,5000.0,25000.0,10000,55000.0,50000.0,30000.0,20000.0
2025-10-07,10800.0,36667.0,36667.0,36667.0,41667.0,17333.0,18667.0,17550.0,22000.0,15700.0,10500.0,29400.0,31167.0,130000.0,130000.0,130000.0,100000.0,30000.0,35000.0,95000.0,3000.0,40000.0,40000.0,10000.0,12500.0,47000.0,42000.0,15000.0,10000.0,50000.0,15000.0,12000.0,11300.0,19300.0,15000.0,10000.0,5000.0,25000.0,10000,55000.0,50000.0,30000.0,20000.0
2025-10-08,10800.0,36667.0,36667.0,36667.0,43333.0,17333.0,18667.0,17550.0,22000.0,15700.0,10500.0,29400.0,31167.0,130000.0,130000.0,130000.0,100000.0,30000.0,35000.0,95000.0,3000.0,40000.0,40000.0,10000.0,12500.0,47000.0,42000.0,15000.0,10000.0,50000.0,15000.0,12000.0,10700.0,19300.0,15000.0,10000.0,5000.0,25000.0,10000,55000.0,50000.0,30000.0,20000.0
2025-10-09,10800.0,36667.0,36667.0,36667.0,43333.0,17333.0,18667.0,17550.0,22000.0,15700.0,10500.0,29400.0,31167.0,130000.0,130000.0,130000.0,100000.0,30000.0,35000.0,95000.0,3000.0,40000.0,40000.0,10000.0,12500.0,47000.0,42000.0,15000.0,10000.0,50000.0,15000.0,12000.0,10700.0,19300.0,15000.0,10000.0,5000.0,25000.0,10000,55000.0,50000.0,30000.0,20000.0
2025-10-10,10800.0,36667.0,36667.0,36667.0,43333.0,17333.0,18667.0,17517.0,22000.0,15700.0,10500.0,29400.0,31167.0,130000.0,130000.0,130000.0,100000.0,30000.0,35000.0,95000.0,3000.0,40000.0,40000.0,10000.0,12500.0,47000.0,42000.0,15000.0,10000.0,50000.0,15000.0,12000.0,10700.0,19300.0,15000.0,10000.0,5000.0,25000.0,10000,55000.0,50000.0,30000.0,20000.0
2025-10-11,10800.0,36667.0,36667.0,36667.0,43333.0,17333.0,18667.0,17517.0,22000.0,15700.0,10500.0,29400.0,31167.0,130000.0,130000.0,130000.0,100000.0,30000.0,35000.0,95000.0,3000.0,40000.0,40000.0,10000.0,12500.0,47000.0,42000.0,15000.0,10000.0,50000.0,15000.0,12000.0,10700.0,19300.0,15000.0,10000.0,5000.0,25000.0,10000,55000.0,50000.0,30000.0,20000.0
2025-10-12,10800.0,36667.0,36667.0,36667.0,43333.0,17333.0,18667.0,17517.0,22000.0,15700.0,10500.0,29400.0,31167.0,130000.0,130000.0,130000.0,100000.0,30000.0,35000.0,95000.0,3000.0,40000.0,40000.0,10000.0,12500.0,47000.0,42000.0,15000.0,10000.0,50000.0,15000.0,12000.0,10700.0,19300.0,15000.0,10000.0,5000.0,25000.0,10000,55000.0,50000.0,30000.0,20000.0
2025-10-13,10800.0,41667.0,36667.0,36667.0,40000.0,17333.0,18667.0,17517.0,22000.0,15700.0,10500.0,30383.0,31167.0,130000.0,130000.0,130000.0,100000.0,30000.0,35000.0,95000.0,3000.0,40000.0,40000.0,10000.0,12500.0,47000.0,42000.0,15000.0,10000.0,50000.0,15000.0,12000.0,10000.0,19300.0,15000.0,10000.0,5000.0,25000.0,10000,55000.0,50000.0,30000.0,20000.0
2025-10-14,10800.0,41667.0,36667.0,36667.0,40000.0,17333.0,18667.0,17517.0,22000.0,15700.0,10500.0,30383.0,31167.0,130000.0,130000.0,130000.0,100000.0,30000.0,35000.0,95000.0,3000.0,40000.0,40000.0,10000.0,12500.0,47000.0,42000.0,15000.0,10000.0,50000.0,15000.0,12000.0,10000.0,19300.0,15000.0,10000.0,5000.0,25000.0,10000,55000.0,50000.0,30000.0,20000.0
2025-10-15,10800.0,41667.0,35000.0,36667.0,40000.0,17333.0,18667.0,17517.0,22000.0,15700.0,10500.0,30383.0,31167.0,130000.0,130000.0,130000.0,100000.0,30000.0,35000.0,95000.0,3000.0,40000.0,40000.0,10000.0,12500.0,47000.0,42000.0,15000.0,10000.0,50000.0,15000.0,12000.0,8000.0,20000.0,15000.0,10000.0,5000.0,25000.0,10000,55000.0,50000.0,30000.0,20000.0
2025-10-16,10800.0,41667.0,35000.0,36667.0,40000.0,17333.0,18667.0,17517.0,22000.0,15700.0,10500.0,30383.0,31167.0,130000.0,130000.0,130000.0,100000.0,30000.0,35000.0,95000.0,3000.0,40000.0,40000.0,10000.0,12500.0,47000.0,42000.0,15000.0,10000.0,50000.0,15000.0,12000.0,8000.0,20000.0,15000.0,10000.0,5000.0,25000.0,10000,55000.0,50000.0,30000.0,20000.0
2025-10-17,10800.0,41667.0,34000.0,35000.0,40000.0,17333.0,18667.0,17517.0,22000.0,15700.0,10500.0,29400.0,31167.0,130000.0,130000.0,130000.0,100000.0,30000.0,35000.0,95000.0,3000.0,40000.0,40000.0,10000.0,12500.0,47000.0,42000.0,15000.0,10000.0,50000.0,15000.0,12000.0,8000.0,20000.0,15000.0,10000.0,5000.0,25000.0,10000,55000.0,50000.0,30000.0,20000.0
2025-10-18,10800.0,41667.0,34000.0,35000.0,40000.0,17333.0,18667.0,17517.0,22000.0,15700.0,10500.0,29400.0,31167.0,130000.0,130000.0,130000.0,100000.0,30000.0,35000.0,95000.0,3000.0,40000.0,40000.0,10000.0,12500.0,47000.0,42000.0,15000.0,10000.0,50000.0,15000.0,12000.0,8000.0,20000.0,15000.0,10000.0,5000.0,25000.0,10000,55000.0,50000.0,30000.0,20000.0
2025-10-19,10800.0,41667.0,34000.0,35000.0,40000.0,17333.0,18667.0,17517.0,22000.0,15700.0,10500.0,29400.0,31167.0,130000.0,130000.0,130000.0,100000.0,30000.0,35000.0,95000.0,3000.0,40000.0,40000.0,10000.0,12500.0,47000.0,42000.0,15000.0,10000.0,50000.0,15000.0,12000.0,8000.0,20000.0,15000.0,10000.0,5000.0,25000.0,10000,55000.0,50000.0,30000.0,20000.0
2025-10-20,10800.0,35000.0,35000.0,33333.0,41667.0,17333.0,18667.0,17517.0,22000.0,15700.0,10500.0,30367.0,30033.0,130000.0,130000.0,130000.0,100000.0,30000.0,35000.0,95000.0,3000.0,40000.0,40000.0,10000.0,12500.0,47000.0,42000.0,15000.0,10000.0,50000.0,15000.0,12000.0,6700.0,20000.0,15000.0,10000.0,5000.0,25000.0,10000,57500.0,50000.0,30000.0,20000.0
2025-10-21,10800.0,35000.0,35000.0,33333.0,41667.0,17333.0,18667.0,17517.0,22000.0,15700.0,10500.0,30367.0,30033.0,130000.0,130000.0,130000.0,100000.0,30000.0,35000.0,95000.0,3000.0,40000.0,40000.0,10000.0,12500.0,47000.0,42000.0,15000.0,10000.0,50000.0,15000.0,12000.0,6000.0,20000.0,15000.0,10000.0,5000.0,25000.0,10000,57500.0,50000.0,30000.0,20000.0
2025-10-22,10800.0,35000.0,35000.0,33333.0,41667.0,17333.0,18667.0,17517.0,22000.0,15700.0,10500.0,30367.0,30033.0,130000.0,130000.0,130000.0,100000.0,30000.0,35000.0,95000.0,3000.0,40000.0,40000.0,10000.0,12500.0,47000.0,42000.0,15000.0,10000.0,50000.0,15000.0,12000.0,6000.0,20000.0,15000.0,10000.0,5000.0,25000.0,10000,57500.0,50000.0,30000.0,20000.0
2025-10-23,10800.0,35000.0,35000.0,28333.0,41667.0,17333.0,18667.0,17517.0,22000.0,15700.0,10500.0,30367.0,30033.0,130000.0,130000.0,130000.0,100000.0,30000.0,35000.0,95000.0,3000.0,40000.0,40000.0,10000.0,12500.0,47000.0,42000.0,15000.0,10000.0,50000.0,15000.0,12000.0,6700.0,20000.0,15000.0,10000.0,5000.0,25000.0,10000,57500.0,50000.0,30000.0,20000.0
2025-10-24,10800.0,35000.0,35000.0,25000.0,41667.0,17333.0,18667.0,17517.0,22000.0,15700.0,10500.0,30367.0,30033.0,130000.0,130000.0,130000.0,100000.0,30000.0,35000.0,95000.0,3000.0,40000.0,40000.0,10000.0,12500.0,47000.0,42000.0,15000.0,10000.0,50000.0,15000.0,12000.0,6700.0,20000.0,15000.0,10000.0,5000.0,25000.0,10000,57500.0,50000.0,30000.0,20000.0
2025-10-25,10800.0,35000.0,35000.0,25000.0,41667.0,17333.0,18667.0,17517.0,22000.0,15700.0,10500.0,30367.0,30033.0,130000.0,130000.0,130000.0,100000.0,30000.0,35000.0,95000.0,3000.0,40000.0,40000.0,10000.0,12500.0,47000.0,42000.0,15000.0,10000.0,50000.0,15000.0,12000.0,6700.0,20000.0,15000.0,10000.0,5000.0,25000.0,10000,57500.0,50000.0,30000.0,20000.0
2025-10-26,10800.0,35000.0,35000.0,25000.0,41667.0,17333.0,18667.0,17517.0,22000.0,15700.0,10500.0,30367.0,30033.0,130000.0,130000.0,130000.0,100000.0,30000.0,35000.0,95000.0,3000.0,40000.0,40000.0,10000.0,12500.0,47000.0,42000.0,15000.0,10000.0,50000.0,15000.0,12000.0,6700.0,20000.0,15000.0,10000.0,5000.0,25000.0,10000,57500.0,50000.0,30000.0,20000.0
2025-10-27,10800.0,33333.0,34667.0,31667.0,40000.0,17333.0,18667.0,17517.0,22000.0,15700.0,10500.0,30367.0,30033.0,130000.0,130000.0,130000.0,100000.0,30000.0,35000.0,95000.0,3000.0,40000.0,40000.0,10000.0,12500.0,47000.0,42000.0,15000.0,10000.0,50000.0,15000.0,12000.0,6300.0,20000.0,15000.0,10000.0,5000.0,25000.0,10000,57500.0,50000.0,30000.0,20000.0
2025-10-28,10800.0,35000.0,33333.0,28333.0,40000.0,17333.0,18667.0,17517.0,22000.0,15700.0,10500.0,32300.0,30033.0,130000.0,130000.0,130000.0,100000.0,30000.0,35000.0,95000.0,3000.0,40000.0,40000.0,10000.0,12500.0,47000.0,42000.0,15000.0,10000.0,50000.0,15000.0,12000.0,6000.0,20000.0,15000.0,10000.0,5000.0,25000.0,10000,57500.0,50000.0,30000.0,20000.0
2025-10-29,10800.0,35000.0,33333.0,28333.0,40000.0,17333.0,18667.0,17517.0,22000.0,15700.0,10500.0,32300.0,30033.0,130000.0,130000.0,130000.0,100000.0,30000.0,35000.0,95000.0,3000.0,40000.0,40000.0,10000.0,12500.0,47000.0,42000.0,15000.0,10000.0,50000.0,15000.0,12000.0,6000.0,20000.0,15000.0,10000.0,5000.0,25000.0,10000,57500.0,50000.0,30000.0,20000.0
2025-10-30,10800.0,35000.0,29333.0,28333.0,40000.0,17333.0,18667.0,17517.0,22000.0,15700.0,10500.0,32300.0,30033.0,130000.0,130000.0,130000.0,100000.0,30000.0,35000.0,95000.0,3000.0,40000.0,40000.0,10000.0,12500.0,47000.0,42000.0,15000.0,10000.0,50000.0,15000.0,12000.0,6000.0,20000.0,15000.0,10000.0,5000.0,25000.0,10000,57500.0,50000.0,30000.0,20000.0
2025-10-31,10800.0,33333.0,31667.0,26667.0,38333.0,17333.0,18667.0,17517.0,22000.0,15700.0,10500.0,32300.0,30033.0,130000.0,130000.0,130000.0,100000.0,30000.0,35000.0,95000.0,3000.0,40000.0,40000.0,10000.0,12500.0,47000.0,42000.0,15000.0,10000.0,50000.0,15000.0,12000.0,5700.0,20000.0,15000.0,10000.0,5000.0,25000.0,10000,57500.0,50000.0,30000.0,20000.0
2025-11-01,10800.0,33333.0,31667.0,26667.0,38333.0,17333.0,18667.0,17517.0,22000.0,15700.0,10500.0,32300.0,30033.0,130000.0,130000.0,130000.0,100000.0,30000.0,35000.0,95000.0,3000.0,40000.0,40000.0,10000.0,12500.0,47000.0,42000.0,15000.0,10000.0,50000.0,15000.0,12000.0,5700.0,20000.0,15000.0,10000.0,5000.0,25000.0,10000,57500.0,50000.0,30000.0,20000.0
2025-11-02,10800.0,33333.0,31667.0,26667.0,38333.0,17333.0,18667.0,17517.0,22000.0,15700.0,10500.0,32300.0,30033.0,130000.0,130000.0,130000.0,100000.0,30000.0,35000.0,95000.0,3000.0,40000.0,40000.0,10000.0,12500.0,47000.0,42000.0,15000.0,10000.0,50000.0,15000.0,12000.0,5700.0,20000.0,15000.0,10000.0,5000.0,25000.0,10000,57500.0,50000.0,30000.0,20000.0
2025-11-03,10800.0,35000.0,36667.0,26667.0,38333.0,17333.0,18667.0,17517.0,22000.0,15700.0,10500.0,31333.0,30033.0,130000.0,130000.0,130000.0,100000.0,30000.0,35000.0,95000.0,3000.0,40000.0,40000.0,10000.0,12500.0,47000.0,42000.0,15000.0,10000.0,50000.0,15000.0,12000.0,6000.0,20000.0,15000.0,10000.0,5000.0,25000.0,10000,57500.0,50000.0,30000.0,20000.0
2025-11-04,10800.0,35000.0,38333.0,26667.0,38333.0,17333.0,18667.0,17517.0,22000.0,15700.0,10500.0,31333.0,30033.0,130000.0,130000.0,130000.0,100000.0,30000.0,35000.0,95000.0,3000.0,40000.0,40000.0,10000.0,12500.0,47000.0,42000.0,15000.0,10000.0,50000.0,15000.0,12000.0,6000.0,20000.0,15000.0,10000.0,5000.0,25000.0,10000,55000.0,50000.0,30000.0,20000.0
2025-11-05,10800.0,35000.0,38333.0,26667.0,38333.0,17333.0,18667.0,17517.0,22000.0,15700.0,10500.0,31333.0,30033.0,130000.0,130000.0,130000.0,100000.0,30000.0,35000.0,95000.0,3000.0,40000.0,40000.0,10000.0,12500.0,47000.0,42000.0,15000.0,10000.0,50000.0,15000.0,12000.0,6000.0,20000.0,15000.0,10000.0,5000.0,25000.0,10000,55000.0,50000.0,30000.0,20000.0
2025-11-06,10800.0,40000.0,41667.0,26667.0,38333.0,17333.0,18667.0,17517.0,22000.0,15700.0,10500.0,31333.0,30033.0,130000.0,130000.0,130000.0,100000.0,30000.0,35000.0,95000.0,3000.0,40000.0,40000.0,10000.0,12500.0,47000.0,42000.0,15000.0,10000.0,50000.0,15000.0,12000.0,7300.0,20000.0,15000.0,10000.0,5000.0,25000.0,10000,55000.0,50000.0,30000.0,20000.0
2025-11-07,10800.0,40000.0,45000.0,26667.0,38333.0,17333.0,18667.0,17517.0,22000.0,15700.0,10500.0,31333.0,30033.0,130000.0,130000.0,130000.0,100000.0,30000.0,35000.0,95000.0,3000.0,40000.0,40000.0,10000.0,12500.0,47000.0,42000.0,15000.0,10000.0,50000.0,15000.0,12000.0,7000.0,20000.0,15000.0,10000.0,5000.0,25000.0,10000,55000.0,50000.0,30000.0,20000.0
2025-11-08,10800.0,40000.0,45000.0,26667.0,38333.0,17333.0,18667.0,17517.0,22000.0,15700.0,10500.0,31333.0,30033.0,130000.0,130000.0,130000.0,100000.0,30000.0,35000.0,95000.0,3000.0,40000.0,40000.0,10000.0,12500.0,47000.0,42000.0,15000.0,10000.0,50000.0,15000.0,12000.0,7000.0,20000.0,15000.0,10000.0,5000.0,25000.0,10000,55000.0,50000.0,30000.0,20000.0
2025-11-09,10800.0,40000.0,45000.0,26667.0,38333.0,17333.0,18667.0,17517.0,22000.0,15700.0,10500.0,31333.0,30033.0,130000.0,130000.0,130000.0,100000.0,30000.0,35000.0,95000.0,3000.0,40000.0,40000.0,10000.0,12500.0,47000.0,42000.0,15000.0,10000.0,50000.0,15000.0,12000.0,7000.0,20000.0,15000.0,10000.0,5000.0,25000.0,10000,55000.0,50000.0,30000.0,20000.0
2025-11-10,10800.0,41667.0,51333.0,25000.0,40000.0,17333.0,18667.0,17517.0,22000.0,15700.0,10500.0,31333.0,30033.0,130000.0,130000.0,130000.0,100000.0,30000.0,35000.0,95000.0,3000.0,40000.0,40000.0,10000.0,12500.0,47000.0,42000.0,15000.0,10000.0,50000.0,15000.0,12000.0,6000.0,19300.0,20000.0,15000.0,10000.0,15000.0,10000,55000.0,50000.0,30000.0,20000.0
2025-11-11,10800.0,41667.0,50000.0,25000.0,40000.0,17333.0,18667.0,17517.0,22000.0,15700.0,10833.0,31333.0,30033.0,130000.0,130000.0,130000.0,100000.0,30000.0,35000.0,95000.0,3000.0,40000.0,40000.0,10000.0,12500.0,47000.0,42000.0,15000.0,10000.0,50000.0,15000.0,12000.0,5300.0,19300.0,20000.0,15000.0,10000.0,15000.0,10000,55000.0,50000.0,30000.0,20000.0
2025-11-12,10800.0,40000.0,50000.0,25000.0,39333.0,17333.0,18667.0,17517.0,22000.0,15700.0,10833.0,31333.0,30033.0,130000.0,130000.0,130000.0,100000.0,30000.0,35000.0,95000.0,3000.0,40000.0,40000.0,10000.0,12500.0,47000.0,42000.0,15000.0,10000.0,50000.0,15000.0,12000.0,5300.0,20000.0,20000.0,15000.0,10000.0,15000.0,10000,55000.0,50000.0,30000.0,20000.0
2025-11-13,10800.0,40000.0,46667.0,28333.0,39333.0,17333.0,18667.0,17517.0,22000.0,15700.0,10833.0,31333.0,30033.0,130000.0,130000.0,130000.0,100000.0,30000.0,35000.0,95000.0,3000.0,40000.0,40000.0,10000.0,12500.0,47000.0,42000.0,15000.0,10000.0,50000.0,15000.0,12000.0,5000.0,20000.0,20000.0,15000.0,10000.0,15000.0,10000,55000.0,50000.0,30000.0,20000.0
2025-11-14,10800.0,40000.0,46667.0,28333.0,39333.0,17333.0,18667.0,17517.0,22000.0,15700.0,10833.0,31333.0,29750.0,130000.0,130000.0,130000.0,100000.0,30000.0,35000.0,95000.0,3000.0,40000.0,40000.0,10000.0,12500.0,47000.0,42000.0,15000.0,10000.0,50000.0,15000.0,12000.0,5000.0,20000.0,20000.0,15000.0,10000.0,15000.0,10000,55000.0,50000.0,30000.0,20000.0
2025-11-15,10800.0,40000.0,46667.0,28333.0,39333.0,17333.0,18667.0,17517.0,22000.0,15700.0,10833.0,31333.0,29750.0,130000.0,130000.0,130000.0,100000.0,30000.0,35000.0,95000.0,3000.0,40000.0,40000.0,10000.0,12500.0,47000.0,42000.0,15000.0,10000.0,50000.0,15000.0,12000.0,5000.0,20000.0,20000.0,15000.0,10000.0,15000.0,10000,55000.0,50000.0,30000.0,20000.0
2025-11-16,10800.0,40000.0,46667.0,28333.0,39333.0,17333.0,18667.0,17517.0,22000.0,15700.0,10833.0,31333.0,29750.0,130000.0,130000.0,130000.0,100000.0,30000.0,35000.0,95000.0,3000.0,40000.0,40000.0,10000.0,12500.0,47000.0,42000.0,15000.0,10000.0,50000.0,15000.0,12000.0,5000.0,20000.0,20000.0,15000.0,10000.0,15000.0,10000,55000.0,50000.0,30000.0,20000.0
2025-11-17,10800.0,38333.0,41667.0,26667.0,38667.0,17333.0,18667.0,17517.0,22000.0,15700.0,10833.0,33267.0,30033.0,130000.0,130000.0,130000.0,100000.0,30000.0,35000.0,95000.0,3000.0,40000.0,40000.0,10000.0,12500.0,47000.0,42000.0,15000.0,10000.0,50000.0,15000.0,12000.0,5300.0,20000.0,20000.0,15000.0,10000.0,15000.0,10000,55000.0,50000.0,30000.0,20000.0
2025-11-18,10800.0,38333.0,41667.0,26667.0,38667.0,17333.0,18667.0,17517.0,22000.0,15700.0,10833.0,33267.0,30033.0,130000.0,130000.0,130000.0,100000.0,30000.0,35000.0,95000.0,3000.0,40000.0,40000.0,10000.0,12500.0,47000.0,42000.0,15000.0,10000.0,50000.0,15000.0,12000.0,5300.0,20000.0,20000.0,15000.0,10000.0,15000.0,10000,55000.0,50000.0,30000.0,20000.0
2025-11-19,10800.0,38333.0,41667.0,26667.0,38667.0,17333.0,18667.0,17517.0,22000.0,15700.0,10833.0,33267.0,30033.0,130000.0,130000.0,130000.0,100000.0,30000.0,35000.0,95000.0,3000.0,40000.0,40000.0,10000.0,12500.0,47000.0,42000.0,15000.0,10000.0,50000.0,15000.0,12000.0,5300.0,20000.0,20000.0,15000.0,10000.0,15000.0,10000,55000.0,50000.0,30000.0,20000.0
2025-11-20,10800.0,38333.0,38333.0,26667.0,38667.0,17333.0,18667.0,17517.0,22000.0,15700.0,10833.0,33267.0,30033.0,130000.0,130000.0,130000.0,100000.0,30000.0,35000.0,95000.0,3000.0,40000.0,40000.0,10000.0,12500.0,47000.0,42000.0,15000.0,10000.0,50000.0,15000.0,12000.0,5300.0,20000.0,20000.0,15000.0,10000.0,15000.0,10000,55000.0,50000.0,30000.0,20000.0
2025-11-21,10800.0,38333.0,38333.0,26667.0,38667.0,17333.0,18667.0,17517.0,22000.0,15700.0,10833.0,33267.0,30033.0,130000.0,130000.0,130000.0,100000.0,30000.0,35000.0,95000.0,3000.0,40000.0,40000.0,10000.0,12500.0,47000.0,42000.0,15000.0,10000.0,50000.0,15000.0,12000.0,5300.0,20000.0,20000.0,15000.0,10000.0,15000.0,10000,55000.0,50000.0,30000.0,20000.0
2025-11-22,10800.0,38333.0,38333.0,26667.0,38667.0,17333.0,18667.0,17517.0,22000.0,15700.0,10833.0,33267.0,30033.0,130000.0,130000.0,130000.0,100000.0,30000.0,35000.0,95000.0,3000.0,40000.0,40000.0,10000.0,12500.0,47000.0,42000.0,15000.0,10000.0,50000.0,15000.0,12000.0,5300.0,20000.0,20000.0,15000.0,10000.0,15000.0,10000,55000.0,50000.0,30000.0,20000.0
2025-11-23,10800.0,38333.0,38333.0,26667.0,38667.0,17333.0,18667.0,17517.0,22000.0,15700.0,10833.0,33267.0,30033.0,130000.0,130000.0,130000.0,100000.0,30000.0,35000.0,95000.0,3000.0,40000.0,40000.0,10000.0,12500.0,47000.0,42000.0,15000.0,10000.0,50000.0,15000.0,12000.0,5300.0,20000.0,20000.0,15000.0,10000.0,15000.0,10000,55000.0,50000.0,30000.0,20000.0
2025-11-24,10800.0,33333.0,38667.0,33333.0,41000.0,17333.0,18667.0,17517.0,22000.0,15700.0,10833.0,33267.0,30033.0,130000.0,130000.0,130000.0,100000.0,30000.0,35000.0,95000.0,3000.0,40000.0,40000.0,10000.0,12500.0,47000.0,42000.0,15000.0,10000.0,50000.0,15000.0,12000.0,5000.0,20000.0,20000.0,15000.0,10000.0,15000.0, ,55000.0,50000.0,30000.0,20000.0
2025-11-25,10800.0,33333.0,38667.0,33333.0,41000.0,17333.0,18667.0,17517.0,22000.0,15700.0,10833.0,33267.0,30600.0,130000.0,130000.0,130000.0,100000.0,30000.0,35000.0,95000.0,3000.0,40000.0,40000.0,10000.0,12500.0,47000.0,42000.0,15000.0,10000.0,50000.0,15000.0,12000.0,5000.0,20000.0,20000.0,15000.0,10000.0,15000.0,10000,55000.0,50000.0,30000.0,20000.0
2025-11-26,10800.0,33333.0,38667.0,33333.0,42667.0,17333.0,18667.0,17517.0,22000.0,15700.0,10833.0,40200.0,30600.0,130000.0,130000.0,130000.0,100000.0,30000.0,35000.0,95000.0,3000.0,40000.0,40000.0,10000.0,12500.0,47000.0,42000.0,15000.0,10000.0,50000.0,15000.0,12000.0,5000.0,20000.0,20000.0,15000.0,10000.0,15000.0,10000,55000.0,50000.0,30000.0,20000.0
2025-11-27,10800.0,33333.0,38667.0,33333.0,42667.0,17333.0,18667.0,17517.0,22000.0,15700.0,10833.0,40200.0,30600.0,130000.0,130000.0,130000.0,100000.0,30000.0,35000.0,95000.0,3000.0,40000.0,40000.0,10000.0,12500.0,47000.0,42000.0,15000.0,10000.0,50000.0,15000.0,12000.0,5000.0,20000.0,20000.0,15000.0,10000.0,15000.0,10000,55000.0,50000.0,30000.0,20000.0
2025-11-28,10800.0,35000.0,38667.0,35000.0,42667.0,17333.0,18667.0,17517.0,22000.0,15700.0,10833.0,40200.0,30600.0,130000.0,130000.0,130000.0,100000.0,30000.0,35000.0,95000.0,3000.0,40000.0,40000.0,10000.0,12500.0,47000.0,42000.0,15000.0,10000.0,50000.0,15000.0,12000.0,5000.0,20000.0,20000.0,15000.0,10000.0,15000.0,10000,55000.0,50000.0,30000.0,20000.0
2025-11-29,10800.0,35000.0,38667.0,35000.0,42667.0,17333.0,18667.0,17517.0,22000.0,15700.0,10833.0,40200.0,30600.0,130000.0,130000.0,130000.0,100000.0,30000.0,35000.0,95000.0,3000.0,40000.0,40000.0,10000.0,12500.0,47000.0,42000.0,15000.0,10000.0,50000.0,15000.0,12000.0,5000.0,20000.0,20000.0,15000.0,10000.0,15000.0,10000,55000.0,50000.0,30000.0,20000.0
2025-11-30,10800.0,35000.0,38667.0,35000.0,42667.0,17333.0,18667.0,17517.0,22000.0,15700.0,10833.0,40200.0,30600.0,130000.0,130000.0,130000.0,100000.0,30000.0,35000.0,95000.0,3000.0,40000.0,40000.0,10000.0,12500.0,47000.0,42000.0,15000.0,10000.0,50000.0,15000.0,12000.0,5000.0,20000.0,20000.0,15000.0,10000.0,15000.0,10000,55000.0,50000.0,30000.0,20000.0
2025-12-01,10800.0,35000.0,38333.0,33333.0,46333.0,17333.0,18667.0,17517.0,22000.0,15700.0,10833.0,38167.0,30767.0,130000.0,130000.0,130000.0,100000.0,30000.0,35000.0,95000.0,3000.0,39333.0,40000.0,10000.0,12500.0,47000.0,42000.0,15000.0,10000.0,50000.0,15000.0,12000.0,4700.0,20000.0,20000.0,15000.0,10000.0,15000.0,10000,50000.0,50000.0,30000.0,20000.0
2025-12-02,10800.0,35000.0,38333.0,33333.0,46333.0,17333.0,18667.0,17517.0,22000.0,15700.0,10833.0,38167.0,30767.0,130000.0,130000.0,130000.0,100000.0,30000.0,35000.0,95000.0,3000.0,39333.0,40000.0,10000.0,12500.0,47000.0,42000.0,15000.0,10000.0,50000.0,15000.0,12000.0,4700.0,20000.0,20000.0,15000.0,10000.0,15000.0,10000,50000.0,50000.0,30000.0,20000.0
2025-12-03,10800.0,35000.0,36667.0,36667.0,46333.0,17333.0,18667.0,17517.0,22000.0,15700.0,10833.0,38167.0,30767.0,130000.0,130000.0,130000.0,100000.0,30000.0,35000.0,95000.0,3000.0,39333.0,40000.0,10000.0,12500.0,47000.0,42000.0,15000.0,10000.0,50000.0,15000.0,12000.0,4700.0,20000.0,20000.0,15000.0,10000.0,15000.0,10000,50000.0,50000.0,30000.0,20000.0
2025-12-04,10800.0,35000.0,35667.0,46667.0,46333.0,17333.0,18667.0,17517.0,22000.0,15700.0,10833.0,38167.0,30767.0,130000.0,130000.0,130000.0,100000.0,30000.0,35000.0,95000.0,3000.0,39333.0,40000.0,10000.0,12500.0,47000.0,42000.0,15000.0,10000.0,50000.0,15000.0,12000.0,4700.0,20000.0,20000.0,15000.0,10000.0,15000.0,10000,50000.0,50000.0,30000.0,20000.0
2025-12-05,10800.0,35000.0,34000.0,60000.0,46333.0,17333.0,18667.0,17517.0,22000.0,15700.0,10833.0,38167.0,30767.0,130000.0,130000.0,130000.0,100000.0,30000.0,35000.0,95000.0,3000.0,39333.0,40000.0,10000.0,12500.0,47000.0,42000.0,15000.0,10000.0,50000.0,15000.0,12000.0,4700.0,20000.0,20000.0,15000.0,10000.0,15000.0,10000,50000.0,50000.0,30000.0,20000.0
2025-12-06,10800.0,35000.0,34000.0,60000.0,46333.0,17333.0,18667.0,17517.0,22000.0,15700.0,10833.0,38167.0,30767.0,130000.0,130000.0,130000.0,100000.0,30000.0,35000.0,95000.0,3000.0,39333.0,40000.0,10000.0,12500.0,47000.0,42000.0,15000.0,10000.0,50000.0,15000.0,12000.0,4700.0,20000.0,20000.0,15000.0,10000.0,15000.0,10000,50000.0,50000.0,30000.0,20000.0
2025-12-07,10800.0,35000.0,34000.0,60000.0,46333.0,17333.0,18667.0,17517.0,22000.0,15700.0,10833.0,38167.0,30767.0,130000.0,130000.0,130000.0,100000.0,30000.0,35000.0,95000.0,3000.0,39333.0,40000.0,10000.0,12500.0,47000.0,42000.0,15000.0,10000.0,50000.0,15000.0,12000.0,4700.0,20000.0,20000.0,15000.0,10000.0,15000.0,10000,50000.0,50000.0,30000.0,20000.0
2025-12-08,10800.0,36667.0,33333.0,55000.0,46333.0,17333.0,18667.0,17517.0,22000.0,15700.0,10833.0,38167.0,30767.0,130000.0,130000.0,130000.0,100000.0,30000.0,35000.0,95000.0,3000.0,39333.0,40000.0,10000.0,12500.0,47000.0,42000.0,15000.0,10000.0,50000.0,15000.0,12000.0,6700.0,20000.0,20000.0,15000.0,10000.0,15000.0,10000,50000.0,50000.0,30000.0,20000.0
2025-12-09,10800.0,36667.0,33333.0,55000.0,46333.0,17333.0,18667.0,17517.0,22000.0,15700.0,10833.0,41167.0,30600.0,130000.0,130000.0,130000.0,100000.0,30000.0,35000.0,95000.0,3000.0,39333.0,40000.0,10000.0,12500.0,47000.0,42000.0,15000.0,10000.0,50000.0,15000.0,12000.0,6700.0,20000.0,20000.0,15000.0,10000.0,15000.0,10000,50000.0,50000.0,35000.0,20000.0
2025-12-10,10800.0,36667.0,32667.0,45000.0,46333.0,17333.0,18667.0,17517.0,22000.0,15700.0,10833.0,41167.0,30600.0,130000.0,130000.0,130000.0,100000.0,30000.0,35000.0,95000.0,3000.0,39333.0,40000.0,10000.0,12500.0,47000.0,42000.0,15000.0,10000.0,50000.0,15000.0,12000.0,6700.0,20000.0,20000.0,15000.0,10000.0,15000.0,10000,50000.0,50000.0,35000.0,20000.0
2025-12-11,10800.0,36667.0,31000.0,45000.0,46333.0,17333.0,18667.0,17517.0,22000.0,15700.0,10833.0,41167.0,30600.0,130000.0,130000.0,130000.0,100000.0,30000.0,35000.0,95000.0,3000.0,39333.0,40000.0,10000.0,12500.0,47000.0,42000.0,15000.0,10000.0,50000.0,15000.0,12000.0,7700.0,20000.0,20000.0,15000.0,10000.0,15000.0,10000,50000.0,50000.0,35000.0,20000.0
2025-12-12,10800.0,36667.0,31000.0,45000.0,51333.0,17333.0,18667.0,17517.0,22000.0,15700.0,10833.0,41167.0,30600.0,130000.0,130000.0,130000.0,100000.0,30000.0,35000.0,95000.0,3000.0,39333.0,40000.0,10000.0,12500.0,47000.0,42000.0,15000.0,10000.0,50000.0,15000.0,12000.0,7700.0,20000.0,20000.0,15000.0,10000.0,15000.0,10000,50000.0,50000.0,35000.0,20000.0
2025-12-13,10800.0,36667.0,31000.0,45000.0,51333.0,17333.0,18667.0,17517.0,22000.0,15700.0,10833.0,41167.0,30600.0,130000.0,130000.0,130000.0,100000.0,30000.0,35000.0,95000.0,3000.0,39333.0,40000.0,10000.0,12500.0,47000.0,42000.0,15000.0,10000.0,50000.0,15000.0,12000.0,7700.0,20000.0,20000.0,15000.0,10000.0,15000.0,10000,50000.0,50000.0,35000.0,20000.0
2025-12-14,10800.0,36667.0,31000.0,45000.0,51333.0,17333.0,18667.0,17517.0,22000.0,15700.0,10833.0,41167.0,30600.0,130000.0,130000.0,130000.0,100000.0,30000.0,35000.0,95000.0,3000.0,39333.0,40000.0,10000.0,12500.0,47000.0,42000.0,15000.0,10000.0,50000.0,15000.0,12000.0,7700.0,20000.0,20000.0,15000.0,10000.0,15000.0,10000,50000.0,50000.0,35000.0,20000.0
2025-12-15,10800.0,36667.0,30667.0,53333.0,53333.0,17333.0,18667.0,17517.0,22000.0,15700.0,10833.0,41167.0,31450.0,130000.0,130000.0,130000.0,100000.0,30000.0,35000.0,95000.0,3000.0,39333.0,40000.0,10000.0,12500.0,47000.0,42000.0,15000.0,10000.0,50000.0,15000.0,12000.0,6000.0,20000.0,20000.0,15000.0,10000.0,15000.0,10000,50000.0,50000.0,35000.0,20000.0
2025-12-16,10800.0,36667.0,30667.0,53333.0,53333.0,17333.0,18667.0,17517.0,22000.0,15700.0,10833.0,38200.0,31450.0,130000.0,130000.0,130000.0,100000.0,40000.0,35000.0,95000.0,3000.0,39333.0,40000.0,10000.0,12500.0,47000.0,42000.0,15000.0,10000.0,50000.0,15000.0,12000.0,6000.0,20000.0,20000.0,15000.0,10000.0,15000.0,10000,50000.0,50000.0,35000.0,20000.0
2025-12-17,10800.0,40000.0,30667.0,53333.0,53333.0,17333.0,18667.0,17517.0,22000.0,15700.0,10833.0,38200.0,31450.0,130000.0,130000.0,130000.0,100000.0,40000.0,35000.0,95000.0,3000.0,39333.0,40000.0,10000.0,12500.0,47000.0,42000.0,15000.0,10000.0,50000.0,15000.0,12000.0,5300.0,20000.0,20000.0,15000.0,10000.0,15000.0,10000,50000.0,50000.0,35000.0,20000.0
2025-12-18,10800.0,40000.0,29333.0,53333.0,53333.0,17333.0,18667.0,17517.0,22000.0,15700.0,10833.0,38200.0,31450.0,130000.0,130000.0,130000.0,100000.0,40000.0,35000.0,95000.0,3000.0,39333.0,40000.0,10000.0,12500.0,47000.0,42000.0,15000.0,10000.0,50000.0,15000.0,12000.0,5300.0,20000.0,20000.0,15000.0,10000.0,15000.0,10000,50000.0,50000.0,35000.0,20000.0
2025-12-19,10800.0,40000.0,29333.0,53333.0,53333.0,17333.0,18667.0,17517.0,22000.0,15700.0,10833.0,38200.0,31450.0,130000.0,130000.0,130000.0,100000.0,40000.0,35000.0,95000.0,3000.0,39333.0,40000.0,10000.0,12500.0,47000.0,42000.0,15000.0,10000.0,50000.0,15000.0,12000.0,5300.0,20000.0,20000.0,15000.0,10000.0,15000.0,10000,50000.0,50000.0,35000.0,20000.0
2025-12-20,10800.0,40000.0,29333.0,53333.0,53333.0,17333.0,18667.0,17517.0,22000.0,15700.0,10833.0,38200.0,31450.0,130000.0,130000.0,130000.0,100000.0,40000.0,35000.0,95000.0,3000.0,39333.0,40000.0,10000.0,12500.0,47000.0,42000.0,15000.0,10000.0,50000.0,15000.0,12000.0,5300.0,20000.0,20000.0,15000.0,10000.0,15000.0,10000,50000.0,50000.0,35000.0,20000.0
2025-12-21,10800.0,40000.0,29333.0,53333.0,53333.0,17333.0,18667.0,17517.0,22000.0,15700.0,10833.0,38200.0,31450.0,130000.0,130000.0,130000.0,100000.0,40000.0,35000.0,95000.0,3000.0,39333.0,40000.0,10000.0,12500.0,47000.0,42000.0,15000.0,10000.0,50000.0,15000.0,12000.0,5300.0,20000.0,20000.0,15000.0,10000.0,15000.0,10000,50000.0,50000.0,35000.0,20000.0
2025-12-22,10800.0,30000.0,28667.0,40000.0,48333.0,17333.0,18667.0,17517.0,22000.0,15700.0,10833.0,38200.0,31450.0,130000.0,130000.0,130000.0,100000.0,40000.0,35000.0,95000.0,3000.0,40000.0,40000.0,10000.0,12500.0,47000.0,42000.0,15000.0,10000.0,50000.0,15000.0,12000.0,5300.0,20000.0,20000.0,15000.0,10000.0,15000.0,10000,50000.0,50000.0,35000.0,20000.0
2025-12-23,10800.0,30000.0,28667.0,40000.0,48333.0,17333.0,18667.0,17517.0,22000.0,15700.0,10833.0,38200.0,31450.0,130000.0,130000.0,130000.0,100000.0,40000.0,35000.0,95000.0,3000.0,40000.0,40000.0,10000.0,12500.0,47000.0,42000.0,15000.0,10000.0,50000.0,15000.0,12000.0,5300.0,20000.0,20000.0,15000.0,10000.0,15000.0,10000,50000.0,50000.0,35000.0,20000.0
2025-12-24,10800.0,30000.0,28667.0,40000.0,48333.0,17333.0,18667.0,17517.0,22000.0,15700.0,10833.0,38200.0,31450.0,130000.0,130000.0,130000.0,100000.0,40000.0,35000.0,95000.0,3000.0,40000.0,40000.0,10000.0,12500.0,47000.0,42000.0,15000.0,10000.0,50000.0,15000.0,12000.0,5300.0,20000.0,20000.0,15000.0,10000.0,15000.0,10000,50000.0,50000.0,35000.0,20000.0
2025-12-25,10800.0,30000.0,28667.0,40000.0,48333.0,17333.0,18667.0,17517.0,22000.0,15700.0,10833.0,38200.0,31450.0,130000.0,130000.0,130000.0,100000.0,40000.0,35000.0,95000.0,3000.0,40000.0,40000.0,10000.0,12500.0,47000.0,42000.0,15000.0,10000.0,50000.0,15000.0,12000.0,5300.0,20000.0,20000.0,15000.0,10000.0,15000.0,10000,50000.0,50000.0,35000.0,20000.0
2025-12-26,10800.0,30000.0,28667.0,40000.0,48333.0,17333.0,18667.0,17517.0,22000.0,15700.0,10833.0,38200.0,31450.0,130000.0,130000.0,130000.0,100000.0,40000.0,35000.0,95000.0,3000.0,40000.0,40000.0,10000.0,12500.0,47000.0,42000.0,15000.0,10000.0,50000.0,15000.0,12000.0,5300.0,20000.0,20000.0,15000.0,10000.0,15000.0,10000,50000.0,50000.0,35000.0,20000.0
2025-12-27,10800.0,30000.0,28667.0,40000.0,48333.0,17333.0,18667.0,17517.0,22000.0,15700.0,10833.0,38200.0,31450.0,130000.0,130000.0,130000.0,100000.0,40000.0,35000.0,95000.0,3000.0,40000.0,40000.0,10000.0,12500.0,47000.0,42000.0,15000.0,10000.0,50000.0,15000.0,12000.0,5300.0,20000.0,20000.0,15000.0,10000.0,15000.0,10000,50000.0,50000.0,35000.0,20000.0
2025-12-28,10800.0,30000.0,28667.0,40000.0,48333.0,17333.0,18667.0,17517.0,22000.0,15700.0,10833.0,38200.0,31450.0,130000.0,130000.0,130000.0,100000.0,40000.0,35000.0,95000.0,3000.0,40000.0,40000.0,10000.0,12500.0,47000.0,42000.0,15000.0,10000.0,50000.0,15000.0,12000.0,5300.0,20000.0,20000.0,15000.0,10000.0,15000.0,10000,50000.0,50000.0,35000.0,20000.0
2025-12-29,10800.0,30000.0,28667.0,40000.0,48333.0,17333.0,18667.0,17517.0,22000.0,15700.0,10833.0,38200.0,31450.0,130000.0,130000.0,130000.0,100000.0,40000.0,35000.0,95000.0,3000.0,40000.0,40000.0,10000.0,12500.0,47000.0,42000.0,15000.0,10000.0,50000.0,15000.0,12000.0,5300.0,20000.0,20000.0,15000.0,10000.0,15000.0,10000,50000.0,50000.0,35000.0,20000.0
2025-12-30,10800.0,30000.0,28667.0,40000.0,48333.0,17333.0,18667.0,17517.0,22000.0,15700.0,10833.0,38200.0,31450.0,130000.0,130000.0,130000.0,100000.0,40000.0,35000.0,95000.0,3000.0,40000.0,40000.0,10000.0,12500.0,47000.0,42000.0,15000.0,10000.0,50000.0,15000.0,12000.0,5300.0,20000.0,20000.0,15000.0,10000.0,15000.0,10000,50000.0,50000.0,35000.0,20000.0
2025-12-31,10800.0,30000.0,28667.0,40000.0,48333.0,17333.0,18667.0,17517.0,22000.0,15700.0,10833.0,38200.0,31450.0,130000.0,130000.0,130000.0,100000.0,40000.0,35000.0,95000.0,3000.0,40000.0,40000.0,10000.0,12500.0,47000.0,42000.0,15000.0,10000.0,50000.0,15000.0,12000.0,5300.0,20000.0,20000.0,15000.0,10000.0,15000.0,10000,50000.0,50000.0,35000.0,20000.0
